t,vacc_status,symptomatic,asymptomatic,hospitalised,dead
0,unvaccinated,0.0,0.0,0.0,0.0
0,vaccinated,0.0,0.0,0.0,0.0
1,unvaccinated,0.0,0.0,0.0,0.0
1,vaccinated,0.0,0.0,0.0,0.0
2,unvaccinated,1.0,1.6583123951777,0.0,0.0
2,vaccinated,0.0,0.0,0.0,0.0
3,unvaccinated,1.5,2.0,0.0,0.0
3,vaccinated,0.0,0.0,0.0,0.0
4,unvaccinated,0.8660254037844386,2.3979157616563596,0.0,0.0
4,vaccinated,0.0,0.0,0.0,0.0
5,unvaccinated,1.118033988749895,1.9364916731037085,0.0,0.0
5,vaccinated,0.0,0.0,0.0,0.0
6,unvaccinated,1.224744871391589,1.6583123951777,0.0,0.0
6,vaccinated,0.0,0.0,0.0,0.0
7,unvaccinated,0.7071067811865476,2.345207879911715,0.0,0.0
7,vaccinated,0.0,0.0,0.0,0.0
8,unvaccinated,0.7071067811865476,2.8284271247461903,0.0,0.0
8,vaccinated,0.0,0.0,0.0,0.0
9,unvaccinated,1.0,1.5811388300841898,0.0,0.0
9,vaccinated,0.0,0.0,0.0,0.0
10,unvaccinated,0.5,1.7320508075688772,0.0,0.0
10,vaccinated,0.0,0.0,0.0,0.0
11,unvaccinated,0.5,2.179449471770337,0.0,0.0
11,vaccinated,0.0,0.0,0.0,0.0
12,unvaccinated,0.5,2.1213203435596424,0.0,0.0
12,vaccinated,0.0,0.0,0.0,0.0
13,unvaccinated,0.8660254037844386,1.4142135623730951,0.0,0.0
13,vaccinated,0.5,0.5,0.0,0.0
14,unvaccinated,0.8660254037844386,2.0615528128088303,0.0,0.0
14,vaccinated,0.0,0.0,0.0,0.0
15,unvaccinated,0.5,1.4142135623730951,0.0,0.0
15,vaccinated,0.0,0.7071067811865476,0.0,0.0
16,unvaccinated,0.5,2.345207879911715,0.0,0.0
16,vaccinated,0.0,0.5,0.0,0.0
17,unvaccinated,0.5,2.0615528128088303,0.0,0.0
17,vaccinated,0.0,1.118033988749895,0.0,0.0
18,unvaccinated,0.5,1.8027756377319946,0.0,0.0
18,vaccinated,0.7071067811865476,0.7071067811865476,0.0,0.0
19,unvaccinated,0.8660254037844386,2.5495097567963922,0.0,0.0
19,vaccinated,0.5,1.0,0.0,0.0
20,unvaccinated,1.0,2.7386127875258306,0.0,0.0
20,vaccinated,0.7071067811865476,1.0,0.0,0.0
21,unvaccinated,0.7071067811865476,1.5811388300841898,0.0,0.0
21,vaccinated,0.5,0.7071067811865476,0.0,0.0
22,unvaccinated,1.3228756555322954,1.7320508075688772,0.0,0.0
22,vaccinated,0.5,1.0,0.0,0.0
23,unvaccinated,1.224744871391589,1.8708286933869707,0.0,0.0
23,vaccinated,0.0,1.118033988749895,0.0,0.0
24,unvaccinated,0.7071067811865476,2.23606797749979,0.0,0.0
24,vaccinated,0.0,1.224744871391589,0.0,0.0
25,unvaccinated,0.8660254037844386,2.23606797749979,0.0,0.0
25,vaccinated,0.7071067811865476,0.5,0.0,0.0
26,unvaccinated,0.5,2.6457513110645907,0.0,0.0
26,vaccinated,0.5,1.0,0.0,0.0
27,unvaccinated,0.7071067811865476,2.179449471770337,0.0,0.0
27,vaccinated,0.7071067811865476,0.5,0.0,0.0
28,unvaccinated,0.0,2.7386127875258306,0.0,0.0
28,vaccinated,1.0,1.8027756377319946,0.0,0.0
29,unvaccinated,0.5,1.5,0.0,0.0
29,vaccinated,0.7071067811865476,1.8708286933869707,0.0,0.0
30,unvaccinated,0.8660254037844386,1.4142135623730951,0.0,0.0
30,vaccinated,0.5,1.6583123951777,0.0,0.0
31,unvaccinated,0.8660254037844386,2.5495097567963922,0.0,0.0
31,vaccinated,0.5,1.4142135623730951,0.0,0.0
32,unvaccinated,0.5,2.0,0.0,0.0
32,vaccinated,0.5,0.8660254037844386,0.0,0.0
33,unvaccinated,1.118033988749895,2.345207879911715,0.0,0.0
33,vaccinated,0.7071067811865476,1.224744871391589,0.0,0.0
34,unvaccinated,0.5,2.598076211353316,0.0,0.0
34,vaccinated,1.0,0.8660254037844386,0.0,0.0
35,unvaccinated,0.5,2.1213203435596424,0.0,0.0
35,vaccinated,1.224744871391589,1.5811388300841898,0.0,0.0
36,unvaccinated,0.8660254037844386,1.224744871391589,0.0,0.0
36,vaccinated,0.7071067811865476,1.5811388300841898,0.0,0.0
37,unvaccinated,0.8660254037844386,2.1213203435596424,0.0,0.0
37,vaccinated,1.118033988749895,1.0,0.0,0.0
38,unvaccinated,0.7071067811865476,1.5811388300841898,0.0,0.0
38,vaccinated,0.8660254037844386,0.8660254037844386,0.0,0.0
39,unvaccinated,0.0,1.224744871391589,0.0,0.0
39,vaccinated,0.8660254037844386,1.5811388300841898,0.0,0.0
40,unvaccinated,0.0,2.1213203435596424,0.0,0.0
40,vaccinated,0.7071067811865476,1.6583123951777,0.0,0.0
41,unvaccinated,0.5,2.23606797749979,0.0,0.0
41,vaccinated,1.0,1.7320508075688772,0.0,0.0
42,unvaccinated,0.7071067811865476,1.8027756377319946,0.0,0.0
42,vaccinated,0.8660254037844386,2.598076211353316,0.0,0.0
43,unvaccinated,0.5,1.7320508075688772,0.0,0.0
43,vaccinated,1.224744871391589,1.4142135623730951,0.0,0.0
44,unvaccinated,0.8660254037844386,1.224744871391589,0.0,0.0
44,vaccinated,0.5,2.8284271247461903,0.0,0.0
45,unvaccinated,0.0,1.224744871391589,0.0,0.0
45,vaccinated,1.0,2.345207879911715,0.0,0.0
46,unvaccinated,0.5,1.224744871391589,0.0,0.0
46,vaccinated,0.0,2.6457513110645907,0.0,0.0
47,unvaccinated,0.5,1.8708286933869707,0.0,0.0
47,vaccinated,1.0,1.5811388300841898,0.0,0.0
48,unvaccinated,0.0,1.0,0.0,0.0
48,vaccinated,0.5,2.23606797749979,0.0,0.0
49,unvaccinated,0.0,1.224744871391589,0.0,0.0
49,vaccinated,0.7071067811865476,2.1213203435596424,0.0,0.0
50,unvaccinated,0.5,1.224744871391589,0.0,0.0
50,vaccinated,0.8660254037844386,1.9364916731037085,0.0,0.0
51,unvaccinated,0.8660254037844386,1.9364916731037085,0.0,0.0
51,vaccinated,0.7071067811865476,2.5,0.0,0.0
52,unvaccinated,0.8660254037844386,1.4142135623730951,0.0,0.0
52,vaccinated,1.118033988749895,1.6583123951777,0.0,0.0
53,unvaccinated,0.0,1.5811388300841898,0.0,0.0
53,vaccinated,1.0,1.4142135623730951,0.0,0.0
54,unvaccinated,0.7071067811865476,1.6583123951777,0.0,0.0
54,vaccinated,1.118033988749895,2.692582403567252,0.0,0.0
55,unvaccinated,0.0,1.5811388300841898,0.0,0.0
55,vaccinated,0.5,2.179449471770337,0.0,0.0
56,unvaccinated,0.5,1.3228756555322954,0.0,0.0
56,vaccinated,0.5,1.7320508075688772,0.0,0.0
57,unvaccinated,0.7071067811865476,1.5811388300841898,0.0,0.0
57,vaccinated,0.5,2.598076211353316,0.0,0.0
58,unvaccinated,0.7071067811865476,1.0,0.0,0.0
58,vaccinated,0.7071067811865476,2.5,0.0,0.0
59,unvaccinated,1.0,1.5,0.0,0.0
59,vaccinated,0.7071067811865476,2.449489742783178,0.0,0.0
60,unvaccinated,0.8660254037844386,1.5,0.0,0.0
60,vaccinated,1.224744871391589,1.8708286933869707,0.0,0.0
61,unvaccinated,0.0,1.224744871391589,0.0,0.0
61,vaccinated,0.5,1.9364916731037085,0.0,0.0
62,unvaccinated,0.0,1.5,0.0,0.0
62,vaccinated,0.8660254037844386,2.0615528128088303,0.0,0.0
63,unvaccinated,0.5,1.5,0.0,0.0
63,vaccinated,0.5,1.3228756555322954,0.5,0.0
64,unvaccinated,0.8660254037844386,1.0,0.0,0.0
64,vaccinated,1.0,2.0615528128088303,0.0,0.0
65,unvaccinated,0.7071067811865476,0.8660254037844386,0.0,0.0
65,vaccinated,0.8660254037844386,1.7320508075688772,0.0,0.0
66,unvaccinated,0.0,1.5,0.0,0.0
66,vaccinated,0.8660254037844386,2.1213203435596424,0.0,0.0
67,unvaccinated,0.8660254037844386,1.9364916731037085,0.0,0.0
67,vaccinated,0.8660254037844386,1.9364916731037085,0.0,0.0
68,unvaccinated,0.5,2.3979157616563596,0.0,0.0
68,vaccinated,0.7071067811865476,1.5,0.0,0.0
69,unvaccinated,0.0,1.5811388300841898,0.0,0.0
69,vaccinated,0.8660254037844386,2.1213203435596424,0.0,0.5
70,unvaccinated,0.0,1.3228756555322954,0.0,0.0
70,vaccinated,1.0,2.345207879911715,0.0,0.0
71,unvaccinated,0.0,1.0,0.0,0.0
71,vaccinated,1.0,2.0,0.0,0.0
72,unvaccinated,0.7071067811865476,1.5,0.0,0.0
72,vaccinated,0.8660254037844386,1.8708286933869707,0.0,0.0
73,unvaccinated,0.5,1.224744871391589,0.0,0.0
73,vaccinated,0.5,1.7320508075688772,0.0,0.0
74,unvaccinated,0.0,1.8027756377319946,0.0,0.0
74,vaccinated,0.0,2.179449471770337,0.0,0.0
75,unvaccinated,0.8660254037844386,1.5811388300841898,0.0,0.0
75,vaccinated,0.5,1.3228756555322954,0.0,0.0
76,unvaccinated,1.224744871391589,1.9364916731037085,0.0,0.0
76,vaccinated,1.0,2.692582403567252,0.0,0.0
77,unvaccinated,0.5,1.5811388300841898,0.0,0.0
77,vaccinated,1.0,1.8708286933869707,0.0,0.0
78,unvaccinated,0.5,1.5811388300841898,0.0,0.0
78,vaccinated,1.3228756555322954,3.605551275463989,0.0,0.0
79,unvaccinated,0.7071067811865476,2.345207879911715,0.0,0.0
79,vaccinated,1.5,2.29128784747792,0.0,0.0
80,unvaccinated,0.5,1.224744871391589,0.0,0.0
80,vaccinated,1.0,1.8708286933869707,0.0,0.0
81,unvaccinated,0.5,1.224744871391589,0.0,0.0
81,vaccinated,0.7071067811865476,2.29128784747792,0.0,0.0
82,unvaccinated,0.5,2.7386127875258306,0.0,0.0
82,vaccinated,1.118033988749895,3.24037034920393,0.0,0.0
83,unvaccinated,0.7071067811865476,1.0,0.0,0.0
83,vaccinated,1.0,1.9364916731037085,0.0,0.0
84,unvaccinated,1.0,1.4142135623730951,0.0,0.0
84,vaccinated,1.224744871391589,1.8708286933869707,0.0,0.0
85,unvaccinated,1.118033988749895,1.8708286933869707,0.0,0.0
85,vaccinated,0.5,2.5495097567963922,0.0,0.0
86,unvaccinated,0.5,2.23606797749979,0.0,0.0
86,vaccinated,0.8660254037844386,2.1213203435596424,0.0,0.0
87,unvaccinated,0.0,1.7320508075688772,0.0,0.0
87,vaccinated,1.3228756555322954,2.598076211353316,0.0,0.0
88,unvaccinated,0.7071067811865476,1.0,0.0,0.0
88,vaccinated,1.4142135623730951,3.0413812651491097,0.0,0.0
89,unvaccinated,0.5,1.6583123951777,0.0,0.0
89,vaccinated,1.118033988749895,2.598076211353316,0.0,0.0
90,unvaccinated,0.8660254037844386,1.4142135623730951,0.0,0.0
90,vaccinated,1.224744871391589,2.598076211353316,0.0,0.0
91,unvaccinated,0.8660254037844386,1.224744871391589,0.0,0.0
91,vaccinated,1.5,3.640054944640259,0.0,0.0
92,unvaccinated,0.5,1.8027756377319946,0.0,0.0
92,vaccinated,1.4142135623730951,1.9364916731037085,0.0,0.0
93,unvaccinated,0.5,1.5811388300841898,0.0,0.0
93,vaccinated,1.118033988749895,2.3979157616563596,0.0,0.0
94,unvaccinated,0.5,1.3228756555322954,0.0,0.0
94,vaccinated,0.7071067811865476,2.345207879911715,0.0,0.0
95,unvaccinated,1.118033988749895,1.224744871391589,0.0,0.0
95,vaccinated,1.5,3.872983346207417,0.0,0.0
96,unvaccinated,0.7071067811865476,1.6583123951777,0.0,0.0
96,vaccinated,1.224744871391589,2.345207879911715,0.0,0.0
97,unvaccinated,0.7071067811865476,1.9364916731037085,0.0,0.0
97,vaccinated,1.224744871391589,2.0,0.0,0.0
98,unvaccinated,0.8660254037844386,1.8027756377319946,0.0,0.0
98,vaccinated,1.6583123951777,3.3541019662496847,0.0,0.0
99,unvaccinated,1.224744871391589,2.29128784747792,0.0,0.0
99,vaccinated,1.3228756555322954,2.23606797749979,0.0,0.0
100,unvaccinated,0.5,2.0615528128088303,0.0,0.0
100,vaccinated,1.224744871391589,3.840572873934304,0.0,0.0
101,unvaccinated,0.7071067811865476,1.6583123951777,0.0,0.0
101,vaccinated,1.3228756555322954,2.8284271247461903,0.0,0.0
102,unvaccinated,0.0,1.9364916731037085,0.0,0.0
102,vaccinated,1.8027756377319946,3.082207001484488,0.0,0.0
103,unvaccinated,1.0,1.8027756377319946,0.0,0.0
103,vaccinated,1.3228756555322954,3.278719262151,0.0,0.0
104,unvaccinated,1.224744871391589,2.0615528128088303,0.0,0.0
104,vaccinated,2.23606797749979,3.4641016151377544,0.0,0.0
105,unvaccinated,1.5,1.8708286933869707,0.0,0.0
105,vaccinated,0.5,4.358898943540674,0.0,0.0
106,unvaccinated,1.118033988749895,1.7320508075688772,0.0,0.0
106,vaccinated,1.3228756555322954,3.8078865529319543,0.0,0.0
107,unvaccinated,0.7071067811865476,1.4142135623730951,0.0,0.0
107,vaccinated,1.6583123951777,4.330127018922194,0.5,0.0
108,unvaccinated,0.8660254037844386,2.1213203435596424,0.0,0.0
108,vaccinated,1.224744871391589,4.743416490252569,0.0,0.0
109,unvaccinated,1.0,2.598076211353316,0.0,0.0
109,vaccinated,1.118033988749895,2.692582403567252,0.0,0.0
110,unvaccinated,0.5,2.598076211353316,0.0,0.0
110,vaccinated,1.4142135623730951,4.06201920231798,0.0,0.0
111,unvaccinated,1.0,2.1213203435596424,0.0,0.0
111,vaccinated,1.7320508075688772,4.123105625617661,0.0,0.0
112,unvaccinated,1.0,2.179449471770337,0.0,0.0
112,vaccinated,1.3228756555322954,2.7838821814150108,0.0,0.0
113,unvaccinated,0.7071067811865476,1.4142135623730951,0.5,0.0
113,vaccinated,1.8027756377319946,4.924428900898052,0.0,0.0
114,unvaccinated,0.8660254037844386,2.179449471770337,0.0,0.0
114,vaccinated,1.6583123951777,4.123105625617661,0.0,0.5
115,unvaccinated,0.5,2.9154759474226504,0.0,0.0
115,vaccinated,2.3979157616563596,2.9154759474226504,0.0,0.0
116,unvaccinated,0.7071067811865476,2.345207879911715,0.0,0.0
116,vaccinated,1.4142135623730951,3.5355339059327378,0.0,0.0
117,unvaccinated,0.7071067811865476,1.5,0.0,0.0
117,vaccinated,2.29128784747792,4.183300132670378,0.0,0.0
118,unvaccinated,1.3228756555322954,3.3541019662496847,0.0,0.0
118,vaccinated,1.3228756555322954,2.958039891549808,0.0,0.0
119,unvaccinated,1.0,1.8708286933869707,0.0,0.0
119,vaccinated,1.224744871391589,3.391164991562634,0.0,0.0
120,unvaccinated,0.7071067811865476,2.23606797749979,0.0,0.0
120,vaccinated,1.9364916731037085,3.1622776601683795,0.0,0.0
121,unvaccinated,0.8660254037844386,2.5495097567963922,0.0,0.0
121,vaccinated,1.224744871391589,5.5,0.0,0.0
122,unvaccinated,0.8660254037844386,2.1213203435596424,0.0,0.0
122,vaccinated,2.598076211353316,2.7386127875258306,0.0,0.0
123,unvaccinated,1.224744871391589,2.449489742783178,0.0,0.0
123,vaccinated,1.3228756555322954,4.527692569068709,0.0,0.0
124,unvaccinated,1.0,1.7320508075688772,0.0,0.0
124,vaccinated,2.0615528128088303,4.8218253804964775,0.0,0.0
125,unvaccinated,1.224744871391589,1.6583123951777,0.0,0.0
125,vaccinated,1.0,4.0,0.0,0.0
126,unvaccinated,0.8660254037844386,4.415880433163924,0.0,0.0
126,vaccinated,1.8027756377319946,6.144102863722254,0.0,0.0
127,unvaccinated,1.118033988749895,3.391164991562634,0.0,0.0
127,vaccinated,2.692582403567252,4.55521678957215,0.0,0.0
128,unvaccinated,1.224744871391589,3.082207001484488,0.0,0.0
128,vaccinated,1.5811388300841898,3.8078865529319543,0.0,0.0
129,unvaccinated,1.118033988749895,1.6583123951777,0.0,0.0
129,vaccinated,2.0615528128088303,3.2015621187164243,0.0,0.0
130,unvaccinated,0.8660254037844386,2.0615528128088303,0.0,0.0
130,vaccinated,1.6583123951777,6.164414002968976,0.0,0.0
131,unvaccinated,1.4142135623730951,2.3979157616563596,0.0,0.0
131,vaccinated,2.29128784747792,5.477225575051661,0.0,0.0
132,unvaccinated,1.4142135623730951,2.5495097567963922,0.0,0.0
132,vaccinated,1.118033988749895,5.809475019311125,0.0,0.0
133,unvaccinated,0.5,3.0,0.0,0.0
133,vaccinated,2.5,5.385164807134504,0.0,0.0
134,unvaccinated,1.0,3.082207001484488,0.0,0.0
134,vaccinated,2.23606797749979,3.7080992435478315,0.0,0.0
135,unvaccinated,1.224744871391589,3.570714214271425,0.0,0.0
135,vaccinated,2.179449471770337,5.5,0.0,0.0
136,unvaccinated,1.0,3.605551275463989,0.0,0.0
136,vaccinated,2.9154759474226504,5.0990195135927845,0.0,0.0
137,unvaccinated,1.118033988749895,2.9154759474226504,0.0,0.0
137,vaccinated,1.224744871391589,6.244997998398398,0.0,0.0
138,unvaccinated,1.6583123951777,4.5,0.0,0.0
138,vaccinated,2.1213203435596424,5.5,0.0,0.0
139,unvaccinated,1.8708286933869707,2.5,0.0,0.0
139,vaccinated,4.092676385936225,7.14142842854285,0.0,0.0
140,unvaccinated,1.0,2.7838821814150108,0.0,0.0
140,vaccinated,2.5,4.272001872658765,0.0,0.0
141,unvaccinated,1.5811388300841898,2.6457513110645907,0.0,0.0
141,vaccinated,2.179449471770337,6.244997998398398,0.0,0.0
142,unvaccinated,0.7071067811865476,3.0,0.0,0.0
142,vaccinated,2.5,6.144102863722254,0.0,0.0
143,unvaccinated,1.4142135623730951,3.5355339059327378,0.0,0.0
143,vaccinated,2.5,3.5355339059327378,0.0,0.0
144,unvaccinated,1.3228756555322954,3.122498999199199,0.0,0.0
144,vaccinated,1.5811388300841898,5.172040216394301,0.0,0.0
145,unvaccinated,1.4142135623730951,3.391164991562634,0.0,0.0
145,vaccinated,2.0615528128088303,7.416198487095663,0.0,0.0
146,unvaccinated,1.224744871391589,2.7386127875258306,0.0,0.0
146,vaccinated,2.8284271247461903,5.937171043518958,0.0,0.0
147,unvaccinated,1.3228756555322954,2.449489742783178,0.0,0.0
147,vaccinated,1.8708286933869707,10.04987562112089,0.0,0.0
148,unvaccinated,1.6583123951777,4.663689526544408,0.0,0.0
148,vaccinated,2.5,10.024968827881711,0.0,0.0
149,unvaccinated,0.8660254037844386,2.598076211353316,0.5,0.0
149,vaccinated,2.9154759474226504,6.726812023536855,0.5,0.0
150,unvaccinated,0.8660254037844386,5.0,0.0,0.0
150,vaccinated,1.8027756377319946,6.363961030678928,0.0,0.0
151,unvaccinated,1.5,4.330127018922194,0.0,0.0
151,vaccinated,3.3166247903554,7.0,0.0,0.0
152,unvaccinated,1.224744871391589,3.570714214271425,0.5,0.0
152,vaccinated,2.1213203435596424,5.5901699437494745,0.0,0.0
153,unvaccinated,1.8027756377319946,5.894913061275798,0.0,0.0
153,vaccinated,2.345207879911715,6.557438524302,0.0,0.0
154,unvaccinated,0.8660254037844386,3.2015621187164243,0.5,0.0
154,vaccinated,2.692582403567252,7.632168761236874,0.0,0.0
155,unvaccinated,1.4142135623730951,4.242640687119285,0.0,0.0
155,vaccinated,2.23606797749979,8.74642784226795,0.0,0.0
156,unvaccinated,2.0615528128088303,3.840572873934304,0.0,0.0
156,vaccinated,2.9154759474226504,9.473647660748208,0.0,0.0
157,unvaccinated,1.7320508075688772,4.898979485566356,0.0,0.0
157,vaccinated,2.958039891549808,7.106335201775948,0.0,0.0
158,unvaccinated,1.5811388300841898,4.527692569068709,0.0,0.0
158,vaccinated,2.9154759474226504,7.599342076785332,0.0,0.0
159,unvaccinated,1.4142135623730951,4.47213595499958,0.0,0.0
159,vaccinated,3.0,7.874007874011811,0.5,0.0
160,unvaccinated,1.8708286933869707,3.391164991562634,0.0,0.5
160,vaccinated,2.6457513110645907,7.14142842854285,0.0,0.0
161,unvaccinated,1.9364916731037085,3.6742346141747673,0.0,0.0
161,vaccinated,3.427827300200522,9.733961166965893,0.0,0.0
162,unvaccinated,1.118033988749895,4.092676385936225,0.0,0.0
162,vaccinated,3.1622776601683795,8.760707733967616,0.0,0.0
163,unvaccinated,3.605551275463989,4.272001872658765,0.0,0.0
163,vaccinated,3.570714214271425,6.041522986797286,0.0,0.0
164,unvaccinated,1.5,2.3979157616563596,0.5,0.0
164,vaccinated,4.415880433163924,9.260129588726068,0.0,0.0
165,unvaccinated,2.0615528128088303,5.244044240850758,0.0,0.0
165,vaccinated,2.23606797749979,8.831760866327848,0.5,0.0
166,unvaccinated,2.7838821814150108,2.958039891549808,0.5,0.0
166,vaccinated,3.968626966596886,8.54400374531753,0.0,0.0
167,unvaccinated,2.0,4.847679857416329,0.0,0.0
167,vaccinated,2.29128784747792,7.433034373659253,0.0,0.0
168,unvaccinated,1.224744871391589,4.55521678957215,0.0,0.0
168,vaccinated,4.330127018922194,8.470537173048708,0.0,0.0
169,unvaccinated,1.3228756555322954,5.172040216394301,0.0,0.0
169,vaccinated,3.122498999199199,12.278029157808675,0.0,0.0
170,unvaccinated,1.6583123951777,2.7386127875258306,0.0,0.0
170,vaccinated,4.2130748865881795,9.17877987534291,0.0,0.5
171,unvaccinated,1.8027756377319946,3.570714214271425,0.0,0.0
171,vaccinated,4.358898943540674,11.236102527122116,0.0,0.0
172,unvaccinated,1.5,4.795831523312719,0.0,0.0
172,vaccinated,5.172040216394301,9.962429422585638,0.5,0.0
173,unvaccinated,1.4142135623730951,4.301162633521313,0.0,0.0
173,vaccinated,4.527692569068709,9.137833441248533,0.0,0.0
174,unvaccinated,1.8708286933869707,4.716990566028302,0.0,0.0
174,vaccinated,3.0,9.886859966642595,0.0,0.0
175,unvaccinated,1.9364916731037085,6.363961030678928,0.0,0.0
175,vaccinated,4.6097722286464435,10.523782589924593,0.5,0.0
176,unvaccinated,1.8708286933869707,5.477225575051661,0.0,0.0
176,vaccinated,5.1478150704935,12.328828005937952,0.0,0.0
177,unvaccinated,1.6583123951777,5.916079783099616,0.0,0.0
177,vaccinated,4.6097722286464435,10.464224768228174,0.0,0.0
178,unvaccinated,1.6583123951777,4.358898943540674,0.0,0.0
178,vaccinated,3.391164991562634,10.8397416943394,0.5,0.0
179,unvaccinated,2.29128784747792,4.69041575982343,0.0,0.0
179,vaccinated,4.716990566028302,10.404326023342406,0.5,0.0
180,unvaccinated,2.9154759474226504,5.852349955359813,0.0,0.0
180,vaccinated,4.358898943540674,11.236102527122116,0.0,0.0
181,unvaccinated,3.24037034920393,5.5,0.0,0.0
181,vaccinated,4.301162633521313,10.559356040971437,0.5,0.0
182,unvaccinated,2.345207879911715,5.634713834792322,0.0,0.0
182,vaccinated,4.06201920231798,12.658988901172163,0.0,0.0
183,unvaccinated,2.8722813232690143,7.664854858377946,0.0,0.0
183,vaccinated,3.968626966596886,9.937303457175895,0.0,0.0
184,unvaccinated,1.8708286933869707,7.106335201775948,0.0,0.0
184,vaccinated,3.1622776601683795,12.5,0.0,0.0
185,unvaccinated,2.1213203435596424,6.6332495807108,0.0,0.0
185,vaccinated,4.47213595499958,13.856406460551018,0.0,0.0
186,unvaccinated,2.598076211353316,5.361902647381804,0.0,0.0
186,vaccinated,2.6457513110645907,9.394147114027968,0.0,0.0
187,unvaccinated,2.3979157616563596,4.663689526544408,0.0,0.0
187,vaccinated,3.7416573867739413,7.826237921249264,0.0,0.0
188,unvaccinated,1.8027756377319946,6.819090848492928,0.0,0.0
188,vaccinated,3.640054944640259,12.658988901172163,0.5,0.0
189,unvaccinated,2.345207879911715,6.34428877022476,0.0,0.0
189,vaccinated,5.979130371550699,12.806248474865697,0.0,0.0
190,unvaccinated,1.7320508075688772,6.5,0.0,0.0
190,vaccinated,3.9370039370059056,10.23474474522936,0.5,0.0
191,unvaccinated,1.8027756377319946,6.244997998398398,0.0,0.0
191,vaccinated,4.924428900898052,15.86663165262243,0.0,0.0
192,unvaccinated,2.1213203435596424,7.106335201775948,0.0,0.0
192,vaccinated,6.2048368229954285,16.424067705656842,0.0,0.0
193,unvaccinated,4.123105625617661,7.582875444051551,0.0,0.0
193,vaccinated,4.898979485566356,13.200378782444085,0.0,0.0
194,unvaccinated,3.427827300200522,4.847679857416329,0.0,0.0
194,vaccinated,4.9749371855331,12.874393189583733,0.0,0.0
195,unvaccinated,2.8284271247461903,8.306623862918075,0.0,0.0
195,vaccinated,4.58257569495584,18.741664813991314,0.0,0.0
196,unvaccinated,2.29128784747792,5.5901699437494745,0.0,0.0
196,vaccinated,5.315072906367325,8.426149773176359,0.0,0.0
197,unvaccinated,2.0,8.0,0.0,0.0
197,vaccinated,4.847679857416329,10.88577052853862,0.5,0.0
198,unvaccinated,2.598076211353316,7.0,0.0,0.0
198,vaccinated,4.924428900898052,12.509996003196804,0.5,0.0
199,unvaccinated,3.774917217635375,5.678908345800274,0.0,0.0
199,vaccinated,5.70087712549569,16.62828914831589,0.5,0.0
200,unvaccinated,2.0,6.519202405202649,0.0,0.0
200,vaccinated,5.1478150704935,11.302654555457314,0.0,0.0
201,unvaccinated,2.3979157616563596,5.123475382979799,0.0,0.0
201,vaccinated,4.949747468305833,14.5,0.0,0.0
202,unvaccinated,3.5,4.9749371855331,0.5,0.0
202,vaccinated,5.766281297335398,12.678722333105966,0.0,0.0
203,unvaccinated,2.8722813232690143,6.0,0.5,0.0
203,vaccinated,7.483314773547883,15.874507866387544,0.0,0.0
204,unvaccinated,2.1213203435596424,5.385164807134504,0.0,0.0
204,vaccinated,7.54983443527075,13.219304066402286,0.0,0.0
205,unvaccinated,1.5,7.968688725254614,0.0,0.0
205,vaccinated,6.726812023536855,11.368817000902073,0.5,0.0
206,unvaccinated,2.8284271247461903,6.164414002968976,0.0,0.0
206,vaccinated,6.48074069840786,17.284386017443605,0.5,0.0
207,unvaccinated,3.0413812651491097,5.830951894845301,0.5,0.0
207,vaccinated,6.144102863722254,11.302654555457314,0.0,0.0
208,unvaccinated,2.1213203435596424,4.358898943540674,0.0,0.0
208,vaccinated,5.315072906367325,10.331989159885913,0.0,0.0
209,unvaccinated,3.5,7.874007874011811,0.5,0.0
209,vaccinated,5.1478150704935,14.265342617687105,0.0,0.0
210,unvaccinated,3.968626966596886,7.599342076785332,0.0,0.0
210,vaccinated,6.5,17.698870020427858,0.5,0.0
211,unvaccinated,4.301162633521313,5.937171043518958,0.7071067811865476,0.0
211,vaccinated,6.614378277661476,18.069310999592652,0.0,0.5
212,unvaccinated,2.6457513110645907,10.307764064044152,0.0,0.5
212,vaccinated,5.291502622129181,6.98212002188447,0.0,0.0
213,unvaccinated,2.9154759474226504,7.106335201775948,0.0,0.0
213,vaccinated,7.88986691902975,19.949937343260004,0.5,0.0
214,unvaccinated,5.0,7.053367989832942,0.0,0.0
214,vaccinated,5.315072906367325,13.114877048604,0.0,0.0
215,unvaccinated,3.3166247903554,6.18465843842649,0.0,0.0
215,vaccinated,6.103277807866851,11.532562594670797,0.7071067811865476,0.0
216,unvaccinated,3.0,6.946221994724902,0.0,0.0
216,vaccinated,6.652067347825035,16.301840386901105,0.0,0.5
217,unvaccinated,3.9370039370059056,6.892024376045111,0.5,0.0
217,vaccinated,5.958187643906492,12.175795661885921,0.5,0.0
218,unvaccinated,2.958039891549808,6.48074069840786,0.0,0.0
218,vaccinated,5.1478150704935,18.01388353465182,1.0,0.0
219,unvaccinated,2.345207879911715,9.539392014169456,0.0,0.0
219,vaccinated,5.873670062235365,14.2828568570857,0.0,0.5
220,unvaccinated,4.092676385936225,6.782329983125268,0.0,0.0
220,vaccinated,10.476163419878482,16.740669042783207,0.5,0.0
221,unvaccinated,3.570714214271425,8.845903006477066,0.0,0.0
221,vaccinated,5.338539126015656,14.38749456993816,0.7071067811865476,0.0
222,unvaccinated,3.5,9.473647660748208,0.0,0.0
222,vaccinated,7.905694150420948,14.730919862656235,0.0,0.0
223,unvaccinated,3.7080992435478315,6.614378277661476,0.0,0.0
223,vaccinated,9.394147114027968,15.898113095584646,0.5,0.0
224,unvaccinated,3.5,10.392304845413264,0.0,0.0
224,vaccinated,5.894913061275798,19.20286436967152,0.5,0.0
225,unvaccinated,3.640054944640259,7.433034373659253,0.0,0.0
225,vaccinated,5.830951894845301,17.11724276862369,0.0,0.5
226,unvaccinated,3.122498999199199,7.697402159170326,0.0,0.0
226,vaccinated,4.873397172404482,12.134661099511597,0.0,0.0
227,unvaccinated,2.7386127875258306,6.34428877022476,0.5,0.0
227,vaccinated,4.898979485566356,16.61324772583615,0.7071067811865476,0.0
228,unvaccinated,2.8284271247461903,7.681145747868608,0.0,0.0
228,vaccinated,7.211102550927978,12.96148139681572,0.0,0.0
229,unvaccinated,3.391164991562634,7.22841614740048,0.0,0.0
229,vaccinated,9.394147114027968,20.898564544006366,0.5,0.0
230,unvaccinated,2.7386127875258306,8.093207028119323,0.0,0.0
230,vaccinated,9.5,19.13765920900464,0.7071067811865476,0.0
231,unvaccinated,3.774917217635375,6.7638746292343415,0.5,0.0
231,vaccinated,5.873670062235365,20.40833163195855,0.5,0.0
232,unvaccinated,3.2015621187164243,5.852349955359813,0.5,0.0
232,vaccinated,6.7638746292343415,21.482551058940835,0.5,0.0
233,unvaccinated,3.1622776601683795,5.315072906367325,0.0,1.0
233,vaccinated,8.660254037844387,12.288205727444508,0.5,0.0
234,unvaccinated,3.605551275463989,6.244997998398398,0.0,0.0
234,vaccinated,6.670832032063167,17.471405209656147,0.5,0.0
235,unvaccinated,2.958039891549808,7.158910531638177,0.5,0.5
235,vaccinated,10.099504938362077,16.484841521834536,0.0,0.0
236,unvaccinated,4.183300132670378,7.280109889280518,0.0,0.0
236,vaccinated,6.18465843842649,16.424067705656842,0.5,0.0
237,unvaccinated,5.5901699437494745,9.287087810503355,0.0,0.0
237,vaccinated,7.729812416870153,10.464224768228174,0.0,0.0
238,unvaccinated,3.122498999199199,5.873670062235365,0.5,0.0
238,vaccinated,5.361902647381804,18.627936010197157,0.5,0.0
239,unvaccinated,3.122498999199199,7.729812416870153,0.5,0.0
239,vaccinated,6.5383484153110105,17.45709025009609,0.0,0.0
240,unvaccinated,2.7386127875258306,9.643650760992955,0.0,0.0
240,vaccinated,5.408326913195984,13.738631664034086,0.0,0.0
241,unvaccinated,4.2130748865881795,7.729812416870153,0.5,0.0
241,vaccinated,5.744562646538029,13.518505834595775,0.0,0.0
242,unvaccinated,3.6742346141747673,5.385164807134504,0.0,0.0
242,vaccinated,8.261355820929152,11.346805717910216,0.7071067811865476,0.0
243,unvaccinated,4.330127018922194,6.224949798994366,0.0,0.0
243,vaccinated,5.873670062235365,14.352700094407323,0.0,0.0
244,unvaccinated,2.8284271247461903,7.681145747868608,0.0,0.0
244,vaccinated,7.466592261534039,19.209372712298546,0.7071067811865476,0.0
245,unvaccinated,3.872983346207417,8.558621384311845,0.0,0.0
245,vaccinated,6.48074069840786,14.361406616345072,0.0,0.0
246,unvaccinated,3.872983346207417,8.12403840463596,0.5,0.0
246,vaccinated,6.557438524302,14.221462653327892,0.7071067811865476,0.0
247,unvaccinated,5.1478150704935,7.874007874011811,0.5,0.0
247,vaccinated,6.87386354243376,16.170961628796228,0.0,0.0
248,unvaccinated,3.5,7.582875444051551,0.0,0.0
248,vaccinated,6.652067347825035,16.889345754054535,0.5,0.0
249,unvaccinated,4.06201920231798,8.5,0.7071067811865476,0.0
249,vaccinated,10.559356040971437,15.354152532784088,0.0,0.0
250,unvaccinated,3.278719262151,10.024968827881711,0.0,0.0
250,vaccinated,7.615773105863909,15.913830462839549,0.0,0.5
251,unvaccinated,4.47213595499958,5.916079783099616,0.0,0.0
251,vaccinated,5.477225575051661,16.224980739587952,0.8660254037844386,0.0
252,unvaccinated,4.636809247747852,9.460443964212251,0.0,0.0
252,vaccinated,7.158910531638177,20.285462775100793,0.5,0.0
253,unvaccinated,3.4641016151377544,7.365459931328117,0.0,0.5
253,vaccinated,6.48074069840786,16.75559608011604,0.7071067811865476,0.0
254,unvaccinated,3.427827300200522,9.287087810503355,0.0,0.0
254,vaccinated,4.153311931459037,13.811227316933133,0.7071067811865476,0.0
255,unvaccinated,2.8722813232690143,10.21028892833107,0.5,0.0
255,vaccinated,6.726812023536855,10.988630487917955,0.5,0.0
256,unvaccinated,3.872983346207417,8.32165848854662,0.0,0.0
256,vaccinated,6.324555320336759,17.930421077041107,0.5,0.0
257,unvaccinated,3.5355339059327378,5.70087712549569,0.0,0.0
257,vaccinated,4.527692569068709,14.106735979665885,0.0,0.0
258,unvaccinated,4.8218253804964775,8.514693182963201,0.5,0.0
258,vaccinated,7.842193570679061,15.795568998931314,0.5,0.0
259,unvaccinated,3.774917217635375,9.797958971132712,0.5,0.0
259,vaccinated,5.431390245600108,12.399596767637245,0.8660254037844386,0.0
260,unvaccinated,4.092676385936225,5.123475382979799,0.5,0.0
260,vaccinated,8.5,17.26267650163207,0.0,0.0
261,unvaccinated,2.692582403567252,8.470537173048708,0.0,0.0
261,vaccinated,6.5383484153110105,19.390719429665317,0.5,0.0
262,unvaccinated,4.769696007084728,7.280109889280518,0.0,0.0
262,vaccinated,8.703447592764606,14.722431864335457,0.5,0.0
263,unvaccinated,3.0,7.664854858377946,0.7071067811865476,0.0
263,vaccinated,5.937171043518958,13.407087677791923,0.8660254037844386,0.5
264,unvaccinated,4.272001872658765,8.674675786448736,0.5,0.0
264,vaccinated,5.5677643628300215,17.909494688572316,0.5,0.0
265,unvaccinated,5.634713834792322,7.968688725254614,0.0,0.0
265,vaccinated,6.082762530298219,19.72941965694886,0.0,0.0
266,unvaccinated,2.449489742783178,8.774964387392123,0.0,0.0
266,vaccinated,5.408326913195984,17.11724276862369,0.0,0.0
267,unvaccinated,3.605551275463989,8.108637370113428,0.0,0.0
267,vaccinated,7.14142842854285,13.028814220795383,0.5,0.0
268,unvaccinated,3.605551275463989,6.48074069840786,0.0,0.5
268,vaccinated,6.837397165588672,13.133925536563698,0.0,0.0
269,unvaccinated,3.0413812651491097,9.962429422585638,0.0,0.0
269,vaccinated,4.898979485566356,15.329709716755891,1.118033988749895,0.0
270,unvaccinated,3.3166247903554,6.2048368229954285,0.0,0.0
270,vaccinated,6.422616289332565,12.569805089976535,0.5,0.0
271,unvaccinated,3.427827300200522,7.314369419163897,0.0,0.0
271,vaccinated,7.483314773547883,12.489995996796797,0.5,0.0
272,unvaccinated,4.444097208657794,6.284902544988268,0.0,0.0
272,vaccinated,7.433034373659253,15.98436736314578,0.0,0.0
273,unvaccinated,3.640054944640259,8.602325267042627,0.0,0.0
273,vaccinated,7.92148975887743,19.80530232033836,0.0,0.0
274,unvaccinated,3.7080992435478315,8.231038816577165,0.0,0.0
274,vaccinated,4.743416490252569,15.771810295587505,0.7071067811865476,0.0
275,unvaccinated,4.0,5.123475382979799,0.0,0.0
275,vaccinated,3.427827300200522,11.269427669584644,0.5,0.0
276,unvaccinated,2.692582403567252,7.615773105863909,0.5,0.0
276,vaccinated,5.894913061275798,12.874393189583733,0.7071067811865476,0.5
277,unvaccinated,2.8284271247461903,6.928203230275509,0.5,0.0
277,vaccinated,5.1478150704935,14.274102423620198,0.0,0.0
278,unvaccinated,2.449489742783178,4.330127018922194,0.0,0.0
278,vaccinated,8.32165848854662,14.781745499094482,0.5,0.5
279,unvaccinated,2.8722813232690143,5.958187643906492,0.5,0.0
279,vaccinated,6.2048368229954285,10.319883720275147,0.0,0.0
280,unvaccinated,4.444097208657794,6.726812023536855,1.0,0.5
280,vaccinated,5.431390245600108,12.134661099511597,0.5,0.5
281,unvaccinated,3.1622776601683795,8.215838362577491,0.5,0.0
281,vaccinated,4.242640687119285,10.259142264341596,0.8660254037844386,0.0
282,unvaccinated,2.449489742783178,6.576473218982953,0.0,0.0
282,vaccinated,3.3166247903554,19.261360284258224,0.0,0.0
283,unvaccinated,3.1622776601683795,6.244997998398398,0.0,0.0
283,vaccinated,7.713624310270756,10.21028892833107,0.5,0.0
284,unvaccinated,2.179449471770337,7.123903424387503,0.0,0.0
284,vaccinated,5.979130371550699,14.773286702694158,0.5,0.0
285,unvaccinated,2.5,7.7781745930520225,0.0,0.0
285,vaccinated,5.5677643628300215,14.654350889752845,0.7071067811865476,0.0
286,unvaccinated,2.692582403567252,6.304760106459246,0.0,0.0
286,vaccinated,3.8078865529319543,15.280706789936126,0.5,0.0
287,unvaccinated,3.1622776601683795,6.164414002968976,0.0,0.0
287,vaccinated,4.153311931459037,16.852299546352718,0.0,0.0
288,unvaccinated,3.3166247903554,6.244997998398398,0.5,0.0
288,vaccinated,5.454356057317857,14.404860290887934,0.0,0.0
289,unvaccinated,2.7838821814150108,4.092676385936225,0.5,0.5
289,vaccinated,5.522680508593631,18.580904176062045,0.0,0.0
290,unvaccinated,3.2015621187164243,5.852349955359813,0.5,0.0
290,vaccinated,4.898979485566356,10.14889156509222,0.0,0.0
291,unvaccinated,2.23606797749979,7.842193570679061,0.0,0.0
291,vaccinated,5.5677643628300215,12.439855304624729,0.0,0.0
292,unvaccinated,1.7320508075688772,6.48074069840786,0.0,0.0
292,vaccinated,5.1478150704935,11.124297730643494,0.7071067811865476,0.0
293,unvaccinated,2.7838821814150108,6.7638746292343415,0.5,0.0
293,vaccinated,5.979130371550699,11.302654555457314,0.0,0.0
294,unvaccinated,2.9154759474226504,7.106335201775948,0.0,0.0
294,vaccinated,8.587782018658833,10.805091392487155,0.5,0.5
295,unvaccinated,3.640054944640259,5.744562646538029,0.0,0.5
295,vaccinated,4.58257569495584,15.157506391224118,0.0,0.0
296,unvaccinated,2.958039891549808,4.8218253804964775,0.0,0.0
296,vaccinated,5.937171043518958,14.0,0.0,0.0
297,unvaccinated,3.570714214271425,6.082762530298219,0.0,0.0
297,vaccinated,6.98212002188447,10.758717395675006,0.5,0.0
298,unvaccinated,2.0615528128088303,5.852349955359813,0.0,0.0
298,vaccinated,6.98212002188447,9.513148795220223,0.0,0.0
299,unvaccinated,2.6457513110645907,7.516648189186454,0.0,0.0
299,vaccinated,3.9370039370059056,6.284902544988268,0.5,0.0
300,unvaccinated,1.6583123951777,5.678908345800274,0.0,0.0
300,vaccinated,3.2015621187164243,14.13329402510257,0.7071067811865476,0.0
301,unvaccinated,3.082207001484488,5.937171043518958,0.0,0.0
301,vaccinated,5.5,10.559356040971437,0.5,0.0
302,unvaccinated,3.0413812651491097,5.244044240850758,0.0,0.0
302,vaccinated,3.1622776601683795,12.30853362509117,0.5,0.0
303,unvaccinated,3.0413812651491097,5.744562646538029,0.0,0.0
303,vaccinated,3.968626966596886,11.554220008291344,0.7071067811865476,0.0
304,unvaccinated,2.449489742783178,3.968626966596886,0.0,0.0
304,vaccinated,5.172040216394301,7.22841614740048,0.0,0.0
305,unvaccinated,2.345207879911715,6.020797289396148,0.0,0.0
305,vaccinated,5.291502622129181,10.344080432788601,0.5,0.0
306,unvaccinated,2.8722813232690143,5.787918451395113,0.0,0.0
306,vaccinated,6.0,13.162446581088183,0.5,0.0
307,unvaccinated,1.9364916731037085,3.968626966596886,0.5,0.0
307,vaccinated,3.4641016151377544,10.380269746013347,0.5,0.0
308,unvaccinated,1.8708286933869707,6.06217782649107,0.0,0.0
308,vaccinated,2.3979157616563596,11.640446726822816,0.0,0.0
309,unvaccinated,1.8027756377319946,5.5901699437494745,0.5,0.0
309,vaccinated,7.088723439378913,9.962429422585638,0.7071067811865476,0.0
310,unvaccinated,2.0,5.1478150704935,0.5,0.0
310,vaccinated,7.433034373659253,10.307764064044152,0.0,0.0
311,unvaccinated,2.345207879911715,5.678908345800274,0.0,0.0
311,vaccinated,4.949747468305833,10.283481900601567,0.0,0.0
312,unvaccinated,2.5,6.837397165588672,0.5,0.0
312,vaccinated,4.358898943540674,12.196310917650468,0.5,0.0
313,unvaccinated,1.6583123951777,5.656854249492381,0.0,0.0
313,vaccinated,3.1622776601683795,12.5,0.7071067811865476,0.0
314,unvaccinated,2.0615528128088303,4.444097208657794,0.0,0.0
314,vaccinated,4.636809247747852,7.810249675906654,0.5,0.0
315,unvaccinated,2.345207879911715,6.745368781616021,0.0,0.0
315,vaccinated,4.153311931459037,10.606601717798213,0.0,0.0
316,unvaccinated,1.3228756555322954,5.70087712549569,0.0,0.0
316,vaccinated,4.47213595499958,10.307764064044152,0.0,0.0
317,unvaccinated,2.6457513110645907,4.06201920231798,0.0,0.0
317,vaccinated,4.55521678957215,11.346805717910216,0.7071067811865476,0.0
318,unvaccinated,1.3228756555322954,6.264982043070834,0.0,0.0
318,vaccinated,6.59545297913646,9.473647660748208,0.5,0.0
319,unvaccinated,1.8708286933869707,5.123475382979799,0.0,0.0
319,vaccinated,4.527692569068709,9.974968671630002,0.0,0.5
320,unvaccinated,1.7320508075688772,4.092676385936225,0.0,0.0
320,vaccinated,4.031128874149275,12.98075498574717,0.0,0.0
321,unvaccinated,1.9364916731037085,4.636809247747852,0.0,0.0
321,vaccinated,2.6457513110645907,11.683321445547923,0.0,0.5
322,unvaccinated,3.0,4.415880433163924,0.0,0.0
322,vaccinated,7.314369419163897,11.863810517704673,0.0,0.0
323,unvaccinated,1.118033988749895,5.5,0.0,0.0
323,vaccinated,4.5,9.836157786453,0.0,0.0
324,unvaccinated,2.23606797749979,3.5355339059327378,0.5,0.0
324,vaccinated,5.678908345800274,12.399596767637245,0.7071067811865476,0.5
325,unvaccinated,1.8708286933869707,5.916079783099616,0.0,0.0
325,vaccinated,3.5355339059327378,9.617692030835672,0.5,0.0
326,unvaccinated,1.5,5.0,0.0,0.0
326,vaccinated,4.873397172404482,9.433981132056603,0.0,0.0
327,unvaccinated,2.7386127875258306,6.461423991660043,0.0,0.0
327,vaccinated,2.5,5.678908345800274,0.5,0.0
328,unvaccinated,1.7320508075688772,5.123475382979799,0.0,0.0
328,vaccinated,3.3166247903554,11.280514172678478,0.0,0.5
329,unvaccinated,2.345207879911715,4.242640687119285,0.0,0.0
329,vaccinated,5.220153254455275,9.219544457292887,0.0,0.0
330,unvaccinated,1.5,4.031128874149275,0.0,0.0
330,vaccinated,4.301162633521313,10.04987562112089,0.0,0.0
331,unvaccinated,1.0,3.3541019662496847,0.0,0.0
331,vaccinated,2.7386127875258306,10.04987562112089,0.5,0.0
332,unvaccinated,2.0,4.716990566028302,0.5,0.0
332,vaccinated,2.5495097567963922,8.077747210701755,0.5,0.0
333,unvaccinated,1.4142135623730951,4.415880433163924,0.0,0.0
333,vaccinated,3.3166247903554,9.069178573608527,0.5,0.0
334,unvaccinated,2.0615528128088303,6.082762530298219,0.0,0.0
334,vaccinated,4.663689526544408,8.972179222463181,0.0,0.0
335,unvaccinated,2.1213203435596424,3.6742346141747673,0.0,0.0
335,vaccinated,2.5,7.92148975887743,0.0,0.5
336,unvaccinated,2.345207879911715,3.5355339059327378,0.0,0.0
336,vaccinated,4.301162633521313,12.0,0.0,0.0
337,unvaccinated,1.118033988749895,5.634713834792322,0.0,0.0
337,vaccinated,2.9154759474226504,7.632168761236874,0.0,0.0
338,unvaccinated,2.0615528128088303,5.267826876426369,0.0,0.0
338,vaccinated,3.082207001484488,10.618380290797651,0.5,0.0
339,unvaccinated,1.6583123951777,6.4031242374328485,0.5,0.0
339,vaccinated,3.7416573867739413,7.0,0.5,0.0
340,unvaccinated,1.8708286933869707,4.5,0.0,0.0
340,vaccinated,3.122498999199199,7.952986860293433,0.5,0.0
341,unvaccinated,2.23606797749979,4.153311931459037,0.5,0.0
341,vaccinated,6.082762530298219,11.704699910719626,0.0,0.0
342,unvaccinated,1.5,4.123105625617661,0.0,0.0
342,vaccinated,4.358898943540674,8.817596044274199,0.0,0.0
343,unvaccinated,1.4142135623730951,4.2130748865881795,0.0,0.0
343,vaccinated,3.3541019662496847,9.9498743710662,0.5,0.0
344,unvaccinated,1.118033988749895,3.5355339059327378,0.5,0.0
344,vaccinated,4.242640687119285,6.5383484153110105,0.5,0.0
345,unvaccinated,1.4142135623730951,4.123105625617661,0.0,0.0
345,vaccinated,3.905124837953327,7.810249675906654,0.7071067811865476,0.0
346,unvaccinated,2.1213203435596424,3.605551275463989,0.0,0.0
346,vaccinated,5.937171043518958,7.399324293474371,0.0,0.0
347,unvaccinated,2.3979157616563596,5.291502622129181,0.0,0.0
347,vaccinated,3.3541019662496847,8.930285549745875,0.5,0.0
348,unvaccinated,1.7320508075688772,3.7080992435478315,0.0,0.0
348,vaccinated,6.123724356957945,8.200609733428363,0.5,0.0
349,unvaccinated,1.9364916731037085,4.55521678957215,0.0,0.0
349,vaccinated,3.570714214271425,7.0178344238090995,0.7071067811865476,0.0
350,unvaccinated,1.9364916731037085,5.408326913195984,0.0,0.0
350,vaccinated,3.905124837953327,9.394147114027968,0.0,0.0
351,unvaccinated,1.9364916731037085,4.301162633521313,0.0,0.0
351,vaccinated,2.8722813232690143,9.17877987534291,0.5,0.0
352,unvaccinated,1.8027756377319946,4.330127018922194,0.0,0.0
352,vaccinated,3.2015621187164243,7.0710678118654755,0.0,0.0
353,unvaccinated,1.5,4.183300132670378,0.5,0.0
353,vaccinated,3.5,8.336666000266533,0.0,0.0
354,unvaccinated,1.8027756377319946,4.527692569068709,0.0,0.0
354,vaccinated,3.1622776601683795,11.6940155635265,0.0,0.5
355,unvaccinated,2.345207879911715,3.774917217635375,0.5,0.0
355,vaccinated,3.2015621187164243,6.224949798994366,0.0,0.0
356,unvaccinated,1.118033988749895,4.272001872658765,0.0,0.0
356,vaccinated,2.8722813232690143,7.433034373659253,0.5,0.0
357,unvaccinated,1.118033988749895,3.570714214271425,0.0,0.0
357,vaccinated,4.272001872658765,7.280109889280518,0.0,0.0
358,unvaccinated,1.8027756377319946,3.7416573867739413,0.5,0.0
358,vaccinated,4.527692569068709,6.819090848492928,0.0,0.0
359,unvaccinated,2.449489742783178,4.47213595499958,0.0,0.0
359,vaccinated,4.272001872658765,8.470537173048708,0.0,0.0
360,unvaccinated,2.9154759474226504,3.774917217635375,0.0,0.0
360,vaccinated,3.570714214271425,6.576473218982953,0.0,0.0
361,unvaccinated,1.5811388300841898,3.427827300200522,0.5,0.0
361,vaccinated,4.123105625617661,11.926860441876563,0.0,0.0
362,unvaccinated,2.179449471770337,2.23606797749979,0.0,0.5
362,vaccinated,2.3979157616563596,6.800735254367722,0.0,0.0
363,unvaccinated,1.224744871391589,6.06217782649107,0.0,0.0
363,vaccinated,5.049752469181039,7.088723439378913,0.0,0.0
364,unvaccinated,1.5811388300841898,4.47213595499958,0.0,0.0
364,vaccinated,2.3979157616563596,5.873670062235365,0.5,0.0
