t,ages,vacc_status,symptomatic,asymptomatic,hospitalised,dead
0,0-4,unvaccinated,0.0,0.0,0.0,0.0
0,0-4,old_vaccine,0.0,0.0,0.0,0.0
0,0-4,new_vaccine,0.0,0.0,0.0,0.0
0,5-9,unvaccinated,0.0,0.0,0.0,0.0
0,5-9,old_vaccine,0.0,0.0,0.0,0.0
0,5-9,new_vaccine,0.0,0.0,0.0,0.0
0,10-14,unvaccinated,0.0,0.0,0.0,0.0
0,10-14,old_vaccine,0.0,0.0,0.0,0.0
0,10-14,new_vaccine,0.0,0.0,0.0,0.0
0,15-19,unvaccinated,0.0,0.0,0.0,0.0
0,15-19,old_vaccine,0.0,0.0,0.0,0.0
0,15-19,new_vaccine,0.0,0.0,0.0,0.0
0,20-24,unvaccinated,0.0,0.0,0.0,0.0
0,20-24,old_vaccine,0.0,0.0,0.0,0.0
0,20-24,new_vaccine,0.0,0.0,0.0,0.0
0,25-29,unvaccinated,0.0,0.0,0.0,0.0
0,25-29,old_vaccine,0.0,0.0,0.0,0.0
0,25-29,new_vaccine,0.0,0.0,0.0,0.0
0,30-34,unvaccinated,0.0,0.0,0.0,0.0
0,30-34,old_vaccine,0.0,0.0,0.0,0.0
0,30-34,new_vaccine,0.0,0.0,0.0,0.0
0,35-39,unvaccinated,0.0,0.0,0.0,0.0
0,35-39,old_vaccine,0.0,0.0,0.0,0.0
0,35-39,new_vaccine,0.0,0.0,0.0,0.0
0,40-44,unvaccinated,0.0,0.0,0.0,0.0
0,40-44,old_vaccine,0.0,0.0,0.0,0.0
0,40-44,new_vaccine,0.0,0.0,0.0,0.0
0,45-49,unvaccinated,0.0,0.0,0.0,0.0
0,45-49,old_vaccine,0.0,0.0,0.0,0.0
0,45-49,new_vaccine,0.0,0.0,0.0,0.0
0,50-54,unvaccinated,0.0,0.0,0.0,0.0
0,50-54,old_vaccine,0.0,0.0,0.0,0.0
0,50-54,new_vaccine,0.0,0.0,0.0,0.0
0,55-59,unvaccinated,0.0,0.0,0.0,0.0
0,55-59,old_vaccine,0.0,0.0,0.0,0.0
0,55-59,new_vaccine,0.0,0.0,0.0,0.0
0,60-64,unvaccinated,0.0,0.0,0.0,0.0
0,60-64,old_vaccine,0.0,0.0,0.0,0.0
0,60-64,new_vaccine,0.0,0.0,0.0,0.0
0,65-69,unvaccinated,0.0,0.0,0.0,0.0
0,65-69,old_vaccine,0.0,0.0,0.0,0.0
0,65-69,new_vaccine,0.0,0.0,0.0,0.0
0,70-74,unvaccinated,0.0,0.0,0.0,0.0
0,70-74,old_vaccine,0.0,0.0,0.0,0.0
0,70-74,new_vaccine,0.0,0.0,0.0,0.0
0,75+,unvaccinated,0.0,0.0,0.0,0.0
0,75+,old_vaccine,0.0,0.0,0.0,0.0
0,75+,new_vaccine,0.0,0.0,0.0,0.0
1,0-4,unvaccinated,0.0,0.0,0.0,0.0
1,0-4,old_vaccine,0.0,2.0,0.0,0.0
1,0-4,new_vaccine,0.0,0.0,0.0,0.0
1,5-9,unvaccinated,0.0,0.5,0.0,0.0
1,5-9,old_vaccine,0.0,1.0,0.0,0.0
1,5-9,new_vaccine,0.0,0.0,0.0,0.0
1,10-14,unvaccinated,0.0,1.0,0.0,0.0
1,10-14,old_vaccine,0.0,1.0,0.0,0.0
1,10-14,new_vaccine,0.0,0.0,0.0,0.0
1,15-19,unvaccinated,0.0,0.5,0.0,0.0
1,15-19,old_vaccine,0.0,1.0,0.0,0.0
1,15-19,new_vaccine,0.0,0.0,0.0,0.0
1,20-24,unvaccinated,0.0,0.5,0.0,0.0
1,20-24,old_vaccine,0.0,1.5,0.0,0.0
1,20-24,new_vaccine,0.0,0.0,0.0,0.0
1,25-29,unvaccinated,0.0,0.5,0.0,0.0
1,25-29,old_vaccine,0.0,1.0,0.0,0.0
1,25-29,new_vaccine,0.0,0.0,0.0,0.0
1,30-34,unvaccinated,0.0,0.5,0.0,0.0
1,30-34,old_vaccine,0.0,1.0,0.0,0.0
1,30-34,new_vaccine,0.0,0.0,0.0,0.0
1,35-39,unvaccinated,0.0,0.0,0.0,0.0
1,35-39,old_vaccine,0.0,1.0,0.0,0.0
1,35-39,new_vaccine,0.0,0.0,0.0,0.0
1,40-44,unvaccinated,0.0,0.0,0.0,0.0
1,40-44,old_vaccine,0.0,1.5,0.0,0.0
1,40-44,new_vaccine,0.0,0.0,0.0,0.0
1,45-49,unvaccinated,0.0,0.0,0.0,0.0
1,45-49,old_vaccine,0.0,1.0,0.0,0.0
1,45-49,new_vaccine,0.0,0.0,0.0,0.0
1,50-54,unvaccinated,0.0,0.0,0.0,0.0
1,50-54,old_vaccine,0.5,1.5,0.0,0.0
1,50-54,new_vaccine,0.0,0.0,0.0,0.0
1,55-59,unvaccinated,0.0,0.0,0.0,0.0
1,55-59,old_vaccine,0.0,1.5,0.0,0.0
1,55-59,new_vaccine,0.0,0.0,0.0,0.0
1,60-64,unvaccinated,0.0,0.0,0.0,0.0
1,60-64,old_vaccine,0.5,0.5,0.0,0.0
1,60-64,new_vaccine,0.0,0.0,0.0,0.0
1,65-69,unvaccinated,0.0,0.5,0.0,0.0
1,65-69,old_vaccine,0.0,0.0,0.0,0.0
1,65-69,new_vaccine,0.0,0.0,0.0,0.0
1,70-74,unvaccinated,0.0,0.0,0.0,0.0
1,70-74,old_vaccine,1.0,0.0,0.0,0.0
1,70-74,new_vaccine,0.0,0.0,0.0,0.0
1,75+,unvaccinated,0.0,0.0,0.0,0.0
1,75+,old_vaccine,1.5,0.5,0.0,0.0
1,75+,new_vaccine,0.0,0.0,0.0,0.0
2,0-4,unvaccinated,0.0,0.0,0.0,0.0
2,0-4,old_vaccine,0.0,2.0,0.0,0.0
2,0-4,new_vaccine,0.0,0.0,0.0,0.0
2,5-9,unvaccinated,0.0,0.5,0.0,0.0
2,5-9,old_vaccine,0.0,1.0,0.0,0.0
2,5-9,new_vaccine,0.0,0.0,0.0,0.0
2,10-14,unvaccinated,0.0,1.0,0.0,0.0
2,10-14,old_vaccine,0.0,1.0,0.0,0.0
2,10-14,new_vaccine,0.0,0.0,0.0,0.0
2,15-19,unvaccinated,0.0,0.5,0.0,0.0
2,15-19,old_vaccine,0.0,1.0,0.0,0.0
2,15-19,new_vaccine,0.0,0.0,0.0,0.0
2,20-24,unvaccinated,0.0,0.5,0.0,0.0
2,20-24,old_vaccine,0.0,1.5,0.0,0.0
2,20-24,new_vaccine,0.0,0.0,0.0,0.0
2,25-29,unvaccinated,0.0,0.5,0.0,0.0
2,25-29,old_vaccine,0.0,1.0,0.0,0.0
2,25-29,new_vaccine,0.0,0.0,0.0,0.0
2,30-34,unvaccinated,0.0,0.5,0.0,0.0
2,30-34,old_vaccine,0.0,1.0,0.0,0.0
2,30-34,new_vaccine,0.0,0.0,0.0,0.0
2,35-39,unvaccinated,0.0,0.0,0.0,0.0
2,35-39,old_vaccine,0.0,1.0,0.0,0.0
2,35-39,new_vaccine,0.0,0.0,0.0,0.0
2,40-44,unvaccinated,0.0,0.0,0.0,0.0
2,40-44,old_vaccine,0.0,1.5,0.0,0.0
2,40-44,new_vaccine,0.0,0.0,0.0,0.0
2,45-49,unvaccinated,0.0,0.0,0.0,0.0
2,45-49,old_vaccine,0.0,1.0,0.0,0.0
2,45-49,new_vaccine,0.0,0.0,0.0,0.0
2,50-54,unvaccinated,0.0,0.0,0.0,0.0
2,50-54,old_vaccine,0.5,1.5,0.0,0.0
2,50-54,new_vaccine,0.0,0.0,0.0,0.0
2,55-59,unvaccinated,0.0,0.0,0.0,0.0
2,55-59,old_vaccine,0.0,1.5,0.0,0.0
2,55-59,new_vaccine,0.0,0.0,0.0,0.0
2,60-64,unvaccinated,0.0,0.0,0.0,0.0
2,60-64,old_vaccine,0.5,0.5,0.0,0.0
2,60-64,new_vaccine,0.0,0.0,0.0,0.0
2,65-69,unvaccinated,0.0,0.5,0.0,0.0
2,65-69,old_vaccine,0.0,0.0,0.0,0.0
2,65-69,new_vaccine,0.0,0.0,0.0,0.0
2,70-74,unvaccinated,0.5,0.0,0.0,0.0
2,70-74,old_vaccine,1.0,0.0,0.0,0.0
2,70-74,new_vaccine,0.0,0.0,0.0,0.0
2,75+,unvaccinated,0.0,0.0,0.0,0.0
2,75+,old_vaccine,1.5,0.5,0.0,0.0
2,75+,new_vaccine,0.0,0.0,0.0,0.0
3,0-4,unvaccinated,0.0,0.0,0.0,0.0
3,0-4,old_vaccine,0.0,2.0,0.0,0.0
3,0-4,new_vaccine,0.0,0.0,0.0,0.0
3,5-9,unvaccinated,0.0,0.5,0.0,0.0
3,5-9,old_vaccine,0.0,1.0,0.0,0.0
3,5-9,new_vaccine,0.0,0.0,0.0,0.0
3,10-14,unvaccinated,0.0,1.0,0.0,0.0
3,10-14,old_vaccine,0.0,1.0,0.0,0.0
3,10-14,new_vaccine,0.0,0.0,0.0,0.0
3,15-19,unvaccinated,0.0,0.5,0.0,0.0
3,15-19,old_vaccine,0.0,1.0,0.0,0.0
3,15-19,new_vaccine,0.0,0.0,0.0,0.0
3,20-24,unvaccinated,0.0,0.5,0.0,0.0
3,20-24,old_vaccine,0.0,1.5,0.0,0.0
3,20-24,new_vaccine,0.0,0.0,0.0,0.0
3,25-29,unvaccinated,0.0,0.5,0.0,0.0
3,25-29,old_vaccine,0.0,1.0,0.0,0.0
3,25-29,new_vaccine,0.0,0.0,0.0,0.0
3,30-34,unvaccinated,0.0,1.0,0.0,0.0
3,30-34,old_vaccine,0.0,1.0,0.0,0.0
3,30-34,new_vaccine,0.0,0.0,0.0,0.0
3,35-39,unvaccinated,0.0,0.5,0.0,0.0
3,35-39,old_vaccine,0.0,1.0,0.0,0.0
3,35-39,new_vaccine,0.0,0.0,0.0,0.0
3,40-44,unvaccinated,0.0,0.5,0.0,0.0
3,40-44,old_vaccine,0.0,1.5,0.0,0.0
3,40-44,new_vaccine,0.0,0.0,0.0,0.0
3,45-49,unvaccinated,0.0,0.0,0.0,0.0
3,45-49,old_vaccine,0.0,1.0,0.0,0.0
3,45-49,new_vaccine,0.0,0.0,0.0,0.0
3,50-54,unvaccinated,0.0,0.0,0.0,0.0
3,50-54,old_vaccine,0.5,1.5,0.0,0.0
3,50-54,new_vaccine,0.0,0.0,0.0,0.0
3,55-59,unvaccinated,0.0,0.0,0.0,0.0
3,55-59,old_vaccine,0.0,1.5,0.0,0.0
3,55-59,new_vaccine,0.0,0.0,0.0,0.0
3,60-64,unvaccinated,0.0,0.0,0.0,0.0
3,60-64,old_vaccine,0.5,0.5,0.0,0.0
3,60-64,new_vaccine,0.0,0.0,0.0,0.0
3,65-69,unvaccinated,0.0,1.0,0.0,0.0
3,65-69,old_vaccine,0.0,0.0,0.0,0.0
3,65-69,new_vaccine,0.0,0.0,0.0,0.0
3,70-74,unvaccinated,0.5,0.0,0.0,0.0
3,70-74,old_vaccine,1.0,0.0,0.0,0.0
3,70-74,new_vaccine,0.0,0.0,0.0,0.0
3,75+,unvaccinated,0.5,0.0,0.0,0.0
3,75+,old_vaccine,1.5,0.5,0.0,0.0
3,75+,new_vaccine,0.0,0.0,0.0,0.0
4,0-4,unvaccinated,0.0,0.0,0.5,0.0
4,0-4,old_vaccine,0.0,2.0,0.0,0.0
4,0-4,new_vaccine,0.0,0.0,0.0,0.0
4,5-9,unvaccinated,0.0,1.5,0.0,0.0
4,5-9,old_vaccine,0.0,1.0,0.0,0.0
4,5-9,new_vaccine,0.0,0.0,0.0,0.0
4,10-14,unvaccinated,0.0,1.0,0.0,0.0
4,10-14,old_vaccine,0.0,1.0,0.0,0.0
4,10-14,new_vaccine,0.0,0.0,0.0,0.0
4,15-19,unvaccinated,0.0,0.5,0.0,0.0
4,15-19,old_vaccine,0.0,1.0,0.0,0.0
4,15-19,new_vaccine,0.0,0.0,0.0,0.0
4,20-24,unvaccinated,0.5,1.0,0.0,0.0
4,20-24,old_vaccine,0.0,1.5,0.0,0.0
4,20-24,new_vaccine,0.0,0.0,0.0,0.0
4,25-29,unvaccinated,0.5,0.5,0.0,0.0
4,25-29,old_vaccine,0.0,1.0,0.0,0.0
4,25-29,new_vaccine,0.0,0.0,0.0,0.0
4,30-34,unvaccinated,0.5,2.0,0.0,0.0
4,30-34,old_vaccine,0.0,1.0,0.0,0.0
4,30-34,new_vaccine,0.0,0.0,0.0,0.0
4,35-39,unvaccinated,0.0,0.5,0.0,0.0
4,35-39,old_vaccine,0.0,1.0,0.0,0.0
4,35-39,new_vaccine,0.0,0.0,0.0,0.0
4,40-44,unvaccinated,0.5,0.5,0.0,0.0
4,40-44,old_vaccine,0.0,1.5,0.0,0.0
4,40-44,new_vaccine,0.0,0.0,0.0,0.0
4,45-49,unvaccinated,0.5,0.0,0.0,0.0
4,45-49,old_vaccine,0.0,1.0,0.0,0.0
4,45-49,new_vaccine,0.0,0.0,0.0,0.0
4,50-54,unvaccinated,0.0,0.5,0.0,0.0
4,50-54,old_vaccine,0.5,1.5,0.0,0.0
4,50-54,new_vaccine,0.0,0.0,0.0,0.0
4,55-59,unvaccinated,0.0,0.0,0.0,0.0
4,55-59,old_vaccine,0.0,1.5,0.0,0.0
4,55-59,new_vaccine,0.0,0.0,0.0,0.0
4,60-64,unvaccinated,0.0,0.5,0.0,0.0
4,60-64,old_vaccine,0.5,0.5,0.0,0.0
4,60-64,new_vaccine,0.0,0.0,0.0,0.0
4,65-69,unvaccinated,0.0,1.0,0.0,0.0
4,65-69,old_vaccine,0.0,0.0,0.0,0.0
4,65-69,new_vaccine,0.0,0.0,0.0,0.0
4,70-74,unvaccinated,0.5,0.0,0.0,0.0
4,70-74,old_vaccine,1.0,0.0,0.0,0.0
4,70-74,new_vaccine,0.0,0.0,0.0,0.0
4,75+,unvaccinated,2.0,1.0,0.0,0.0
4,75+,old_vaccine,1.5,0.5,0.0,0.0
4,75+,new_vaccine,0.0,0.0,0.0,0.0
5,0-4,unvaccinated,0.0,0.5,0.5,0.0
5,0-4,old_vaccine,0.0,2.0,0.0,0.0
5,0-4,new_vaccine,0.0,0.0,0.0,0.0
5,5-9,unvaccinated,0.0,0.5,0.0,0.0
5,5-9,old_vaccine,0.0,1.0,0.0,0.0
5,5-9,new_vaccine,0.0,0.0,0.0,0.0
5,10-14,unvaccinated,0.0,1.0,0.0,0.0
5,10-14,old_vaccine,0.0,1.0,0.0,0.0
5,10-14,new_vaccine,0.0,0.0,0.0,0.0
5,15-19,unvaccinated,0.0,1.0,0.0,0.0
5,15-19,old_vaccine,0.0,1.0,0.0,0.0
5,15-19,new_vaccine,0.0,0.0,0.0,0.0
5,20-24,unvaccinated,0.5,2.0,0.0,0.0
5,20-24,old_vaccine,0.0,1.5,0.0,0.0
5,20-24,new_vaccine,0.0,0.0,0.0,0.0
5,25-29,unvaccinated,1.0,0.5,0.0,0.0
5,25-29,old_vaccine,0.0,1.0,0.0,0.0
5,25-29,new_vaccine,0.0,0.0,0.0,0.0
5,30-34,unvaccinated,0.5,2.5,0.0,0.0
5,30-34,old_vaccine,0.0,1.0,0.0,0.0
5,30-34,new_vaccine,0.0,0.0,0.0,0.0
5,35-39,unvaccinated,0.0,2.0,0.0,0.0
5,35-39,old_vaccine,0.0,1.0,0.0,0.0
5,35-39,new_vaccine,0.0,0.0,0.0,0.0
5,40-44,unvaccinated,1.0,0.5,0.0,0.0
5,40-44,old_vaccine,0.0,1.5,0.0,0.0
5,40-44,new_vaccine,0.0,0.0,0.0,0.0
5,45-49,unvaccinated,0.5,0.5,0.0,0.0
5,45-49,old_vaccine,0.0,1.0,0.0,0.0
5,45-49,new_vaccine,0.0,0.0,0.0,0.0
5,50-54,unvaccinated,0.5,0.5,0.0,0.0
5,50-54,old_vaccine,0.5,1.5,0.0,0.0
5,50-54,new_vaccine,0.0,0.0,0.0,0.0
5,55-59,unvaccinated,0.5,0.5,0.0,0.0
5,55-59,old_vaccine,0.0,1.5,0.0,0.0
5,55-59,new_vaccine,0.0,0.0,0.0,0.0
5,60-64,unvaccinated,0.0,0.5,0.5,0.0
5,60-64,old_vaccine,0.5,0.5,0.0,0.0
5,60-64,new_vaccine,0.0,0.0,0.0,0.0
5,65-69,unvaccinated,0.5,1.0,0.0,0.0
5,65-69,old_vaccine,0.0,0.0,0.0,0.0
5,65-69,new_vaccine,0.0,0.0,0.0,0.0
5,70-74,unvaccinated,0.0,0.0,0.0,0.0
5,70-74,old_vaccine,1.0,0.0,0.0,0.0
5,70-74,new_vaccine,0.0,0.0,0.0,0.0
5,75+,unvaccinated,2.0,1.0,0.0,0.0
5,75+,old_vaccine,1.5,0.5,0.0,0.0
5,75+,new_vaccine,0.0,0.0,0.0,0.0
6,0-4,unvaccinated,0.0,1.0,0.5,0.0
6,0-4,old_vaccine,0.0,2.0,0.0,0.0
6,0-4,new_vaccine,0.0,0.0,0.0,0.0
6,5-9,unvaccinated,0.0,1.0,0.0,0.0
6,5-9,old_vaccine,0.0,1.0,0.0,0.0
6,5-9,new_vaccine,0.0,0.0,0.0,0.0
6,10-14,unvaccinated,0.0,2.0,0.0,0.0
6,10-14,old_vaccine,0.0,1.0,0.0,0.0
6,10-14,new_vaccine,0.0,0.0,0.0,0.0
6,15-19,unvaccinated,0.5,1.5,0.0,0.0
6,15-19,old_vaccine,0.0,1.0,0.0,0.0
6,15-19,new_vaccine,0.0,0.0,0.0,0.0
6,20-24,unvaccinated,0.5,2.0,0.0,0.0
6,20-24,old_vaccine,0.0,1.5,0.0,0.0
6,20-24,new_vaccine,0.0,0.0,0.0,0.0
6,25-29,unvaccinated,1.0,0.5,0.0,0.0
6,25-29,old_vaccine,0.0,1.0,0.0,0.0
6,25-29,new_vaccine,0.0,0.0,0.0,0.0
6,30-34,unvaccinated,0.0,1.5,0.0,0.0
6,30-34,old_vaccine,0.0,1.0,0.0,0.0
6,30-34,new_vaccine,0.0,0.0,0.0,0.0
6,35-39,unvaccinated,0.0,2.5,0.0,0.0
6,35-39,old_vaccine,0.0,1.0,0.0,0.0
6,35-39,new_vaccine,0.0,0.0,0.0,0.0
6,40-44,unvaccinated,1.0,1.0,0.0,0.0
6,40-44,old_vaccine,0.0,1.5,0.0,0.0
6,40-44,new_vaccine,0.0,0.0,0.0,0.0
6,45-49,unvaccinated,0.0,0.5,0.0,0.0
6,45-49,old_vaccine,0.0,1.0,0.0,0.0
6,45-49,new_vaccine,0.0,0.0,0.0,0.0
6,50-54,unvaccinated,0.5,0.0,0.0,0.0
6,50-54,old_vaccine,0.5,1.5,0.0,0.0
6,50-54,new_vaccine,0.0,0.0,0.0,0.0
6,55-59,unvaccinated,0.0,0.5,0.0,0.0
6,55-59,old_vaccine,0.0,1.5,0.0,0.0
6,55-59,new_vaccine,0.0,0.0,0.0,0.0
6,60-64,unvaccinated,0.5,0.5,0.5,0.0
6,60-64,old_vaccine,0.5,0.5,0.0,0.0
6,60-64,new_vaccine,0.0,0.0,0.0,0.0
6,65-69,unvaccinated,0.5,1.5,0.0,0.0
6,65-69,old_vaccine,0.0,0.0,0.0,0.0
6,65-69,new_vaccine,0.0,0.0,0.0,0.0
6,70-74,unvaccinated,0.0,0.0,0.0,0.0
6,70-74,old_vaccine,1.5,0.5,0.0,0.0
6,70-74,new_vaccine,0.0,0.0,0.0,0.0
6,75+,unvaccinated,1.0,1.0,0.0,0.0
6,75+,old_vaccine,1.5,0.5,0.0,0.0
6,75+,new_vaccine,0.0,0.0,0.0,0.0
7,0-4,unvaccinated,0.0,2.0,0.5,0.0
7,0-4,old_vaccine,0.0,2.0,0.0,0.0
7,0-4,new_vaccine,0.0,0.0,0.0,0.0
7,5-9,unvaccinated,0.0,1.0,0.0,0.0
7,5-9,old_vaccine,0.0,1.0,0.0,0.0
7,5-9,new_vaccine,0.0,0.0,0.0,0.0
7,10-14,unvaccinated,0.0,2.0,0.0,0.0
7,10-14,old_vaccine,0.0,1.0,0.0,0.0
7,10-14,new_vaccine,0.0,0.0,0.0,0.0
7,15-19,unvaccinated,0.5,1.0,0.0,0.0
7,15-19,old_vaccine,0.0,1.0,0.0,0.0
7,15-19,new_vaccine,0.0,0.0,0.0,0.0
7,20-24,unvaccinated,0.5,1.5,0.0,0.0
7,20-24,old_vaccine,0.0,1.5,0.0,0.0
7,20-24,new_vaccine,0.0,0.0,0.0,0.0
7,25-29,unvaccinated,1.0,0.5,0.0,0.0
7,25-29,old_vaccine,0.0,1.0,0.0,0.0
7,25-29,new_vaccine,0.0,0.0,0.0,0.0
7,30-34,unvaccinated,0.0,2.0,0.0,0.0
7,30-34,old_vaccine,0.0,1.0,0.0,0.0
7,30-34,new_vaccine,0.0,0.0,0.0,0.0
7,35-39,unvaccinated,0.0,1.5,0.0,0.0
7,35-39,old_vaccine,0.0,1.0,0.0,0.0
7,35-39,new_vaccine,0.0,0.0,0.0,0.0
7,40-44,unvaccinated,1.0,1.5,0.0,0.0
7,40-44,old_vaccine,0.0,1.5,0.0,0.0
7,40-44,new_vaccine,0.0,0.0,0.0,0.0
7,45-49,unvaccinated,0.0,0.0,0.0,0.0
7,45-49,old_vaccine,0.0,1.0,0.0,0.0
7,45-49,new_vaccine,0.0,0.0,0.0,0.0
7,50-54,unvaccinated,0.5,1.0,0.0,0.0
7,50-54,old_vaccine,0.5,1.5,0.0,0.0
7,50-54,new_vaccine,0.0,0.0,0.0,0.0
7,55-59,unvaccinated,0.0,0.5,0.0,0.0
7,55-59,old_vaccine,0.0,1.5,0.0,0.0
7,55-59,new_vaccine,0.0,0.0,0.0,0.0
7,60-64,unvaccinated,0.5,0.5,0.5,0.0
7,60-64,old_vaccine,0.5,0.5,0.0,0.0
7,60-64,new_vaccine,0.0,0.0,0.0,0.0
7,65-69,unvaccinated,0.5,1.5,0.0,0.0
7,65-69,old_vaccine,0.0,0.0,0.0,0.0
7,65-69,new_vaccine,0.0,0.0,0.0,0.0
7,70-74,unvaccinated,1.0,0.0,0.0,0.0
7,70-74,old_vaccine,1.0,0.5,0.0,0.0
7,70-74,new_vaccine,0.0,0.0,0.0,0.0
7,75+,unvaccinated,0.5,1.5,0.0,0.0
7,75+,old_vaccine,1.5,0.5,0.0,0.0
7,75+,new_vaccine,0.0,0.0,0.0,0.0
8,0-4,unvaccinated,0.0,2.0,0.5,0.0
8,0-4,old_vaccine,0.0,2.0,0.0,0.0
8,0-4,new_vaccine,0.0,0.0,0.0,0.0
8,5-9,unvaccinated,0.0,1.5,0.0,0.0
8,5-9,old_vaccine,0.0,1.0,0.0,0.0
8,5-9,new_vaccine,0.0,0.0,0.0,0.0
8,10-14,unvaccinated,0.0,2.5,0.0,0.0
8,10-14,old_vaccine,0.0,1.0,0.0,0.0
8,10-14,new_vaccine,0.0,0.0,0.0,0.0
8,15-19,unvaccinated,0.5,1.0,0.0,0.0
8,15-19,old_vaccine,0.0,1.0,0.0,0.0
8,15-19,new_vaccine,0.0,0.0,0.0,0.0
8,20-24,unvaccinated,0.5,1.5,0.0,0.0
8,20-24,old_vaccine,0.0,1.5,0.0,0.0
8,20-24,new_vaccine,0.0,0.0,0.0,0.0
8,25-29,unvaccinated,1.0,0.5,0.0,0.0
8,25-29,old_vaccine,0.0,1.0,0.0,0.0
8,25-29,new_vaccine,0.0,0.0,0.0,0.0
8,30-34,unvaccinated,0.0,2.0,0.0,0.0
8,30-34,old_vaccine,0.0,1.0,0.0,0.0
8,30-34,new_vaccine,0.0,0.0,0.0,0.0
8,35-39,unvaccinated,0.0,1.0,0.0,0.0
8,35-39,old_vaccine,0.0,1.0,0.0,0.0
8,35-39,new_vaccine,0.0,0.0,0.0,0.0
8,40-44,unvaccinated,1.0,2.0,0.0,0.0
8,40-44,old_vaccine,0.0,1.5,0.0,0.0
8,40-44,new_vaccine,0.0,0.0,0.0,0.0
8,45-49,unvaccinated,0.0,0.5,0.0,0.0
8,45-49,old_vaccine,0.0,1.0,0.0,0.0
8,45-49,new_vaccine,0.0,0.0,0.0,0.0
8,50-54,unvaccinated,0.5,1.0,0.0,0.0
8,50-54,old_vaccine,0.5,1.5,0.0,0.0
8,50-54,new_vaccine,0.0,0.0,0.0,0.0
8,55-59,unvaccinated,0.0,1.0,0.0,0.0
8,55-59,old_vaccine,0.0,1.5,0.0,0.0
8,55-59,new_vaccine,0.0,0.0,0.0,0.0
8,60-64,unvaccinated,0.5,0.5,0.5,0.0
8,60-64,old_vaccine,0.5,0.5,0.0,0.0
8,60-64,new_vaccine,0.0,0.0,0.0,0.0
8,65-69,unvaccinated,0.5,1.5,0.0,0.0
8,65-69,old_vaccine,0.0,0.0,0.0,0.0
8,65-69,new_vaccine,0.0,0.0,0.0,0.0
8,70-74,unvaccinated,1.0,0.0,0.0,0.0
8,70-74,old_vaccine,1.5,0.5,0.0,0.0
8,70-74,new_vaccine,0.0,0.0,0.0,0.0
8,75+,unvaccinated,0.0,1.0,0.0,0.0
8,75+,old_vaccine,1.5,0.5,0.0,0.0
8,75+,new_vaccine,0.0,0.0,0.0,0.0
9,0-4,unvaccinated,0.5,2.0,0.5,0.0
9,0-4,old_vaccine,0.0,2.0,0.0,0.0
9,0-4,new_vaccine,0.0,0.0,0.0,0.0
9,5-9,unvaccinated,0.0,2.0,0.0,0.0
9,5-9,old_vaccine,0.0,1.0,0.0,0.0
9,5-9,new_vaccine,0.0,0.0,0.0,0.0
9,10-14,unvaccinated,0.0,2.5,0.0,0.0
9,10-14,old_vaccine,0.0,1.0,0.0,0.0
9,10-14,new_vaccine,0.0,0.0,0.0,0.0
9,15-19,unvaccinated,0.5,1.0,0.0,0.0
9,15-19,old_vaccine,0.0,1.0,0.0,0.0
9,15-19,new_vaccine,0.0,0.0,0.0,0.0
9,20-24,unvaccinated,0.5,1.0,0.0,0.0
9,20-24,old_vaccine,0.0,1.5,0.0,0.0
9,20-24,new_vaccine,0.0,0.0,0.0,0.0
9,25-29,unvaccinated,1.0,1.5,0.0,0.0
9,25-29,old_vaccine,0.0,1.0,0.0,0.0
9,25-29,new_vaccine,0.0,0.0,0.0,0.0
9,30-34,unvaccinated,0.0,1.0,0.0,0.0
9,30-34,old_vaccine,0.0,1.0,0.0,0.0
9,30-34,new_vaccine,0.0,0.0,0.0,0.0
9,35-39,unvaccinated,0.0,0.5,0.0,0.0
9,35-39,old_vaccine,0.0,1.0,0.0,0.0
9,35-39,new_vaccine,0.0,0.0,0.0,0.0
9,40-44,unvaccinated,1.0,2.0,0.0,0.0
9,40-44,old_vaccine,0.0,1.5,0.0,0.0
9,40-44,new_vaccine,0.0,0.0,0.0,0.0
9,45-49,unvaccinated,0.0,0.5,0.0,0.0
9,45-49,old_vaccine,0.0,1.0,0.0,0.0
9,45-49,new_vaccine,0.0,0.0,0.0,0.0
9,50-54,unvaccinated,0.0,1.0,0.0,0.0
9,50-54,old_vaccine,0.5,1.5,0.0,0.0
9,50-54,new_vaccine,0.0,0.0,0.0,0.0
9,55-59,unvaccinated,0.0,1.0,0.0,0.0
9,55-59,old_vaccine,1.0,1.5,0.0,0.0
9,55-59,new_vaccine,0.0,0.0,0.0,0.0
9,60-64,unvaccinated,0.5,1.0,0.5,0.0
9,60-64,old_vaccine,0.5,0.5,0.0,0.0
9,60-64,new_vaccine,0.0,0.0,0.0,0.0
9,65-69,unvaccinated,0.5,1.5,0.0,0.0
9,65-69,old_vaccine,0.5,0.0,0.0,0.0
9,65-69,new_vaccine,0.0,0.0,0.0,0.0
9,70-74,unvaccinated,1.0,0.0,0.0,0.0
9,70-74,old_vaccine,1.0,0.5,0.0,0.0
9,70-74,new_vaccine,0.0,0.0,0.0,0.0
9,75+,unvaccinated,1.0,1.0,0.0,0.0
9,75+,old_vaccine,2.0,0.0,0.0,0.0
9,75+,new_vaccine,0.0,0.0,0.0,0.0
10,0-4,unvaccinated,0.5,2.0,0.5,0.0
10,0-4,old_vaccine,0.0,2.0,0.0,0.0
10,0-4,new_vaccine,0.0,0.0,0.0,0.0
10,5-9,unvaccinated,0.0,1.0,0.0,0.0
10,5-9,old_vaccine,0.0,1.0,0.0,0.0
10,5-9,new_vaccine,0.0,0.0,0.0,0.0
10,10-14,unvaccinated,0.0,2.0,0.0,0.0
10,10-14,old_vaccine,0.0,1.0,0.0,0.0
10,10-14,new_vaccine,0.0,0.0,0.0,0.0
10,15-19,unvaccinated,0.5,1.0,0.0,0.0
10,15-19,old_vaccine,0.0,1.0,0.0,0.0
10,15-19,new_vaccine,0.0,0.0,0.0,0.0
10,20-24,unvaccinated,0.0,1.0,0.0,0.0
10,20-24,old_vaccine,0.0,1.5,0.0,0.0
10,20-24,new_vaccine,0.0,0.0,0.0,0.0
10,25-29,unvaccinated,1.0,2.5,0.0,0.0
10,25-29,old_vaccine,0.0,1.0,0.0,0.0
10,25-29,new_vaccine,0.0,0.0,0.0,0.0
10,30-34,unvaccinated,0.0,0.0,0.0,0.0
10,30-34,old_vaccine,0.0,0.5,0.0,0.0
10,30-34,new_vaccine,0.0,0.0,0.0,0.0
10,35-39,unvaccinated,0.0,0.5,0.0,0.0
10,35-39,old_vaccine,0.0,1.0,0.0,0.0
10,35-39,new_vaccine,0.0,0.0,0.0,0.0
10,40-44,unvaccinated,0.5,1.0,0.0,0.0
10,40-44,old_vaccine,0.0,1.0,0.0,0.0
10,40-44,new_vaccine,0.0,0.0,0.0,0.0
10,45-49,unvaccinated,0.5,1.0,0.0,0.0
10,45-49,old_vaccine,0.0,1.0,0.0,0.0
10,45-49,new_vaccine,0.0,0.0,0.0,0.0
10,50-54,unvaccinated,0.0,1.0,0.0,0.0
10,50-54,old_vaccine,0.5,1.5,0.0,0.0
10,50-54,new_vaccine,0.0,0.0,0.0,0.0
10,55-59,unvaccinated,0.0,1.0,0.0,0.0
10,55-59,old_vaccine,1.0,1.5,0.0,0.0
10,55-59,new_vaccine,0.0,0.0,0.0,0.0
10,60-64,unvaccinated,0.5,1.0,0.5,0.0
10,60-64,old_vaccine,0.5,0.5,0.0,0.0
10,60-64,new_vaccine,0.0,0.0,0.0,0.0
10,65-69,unvaccinated,1.0,1.5,0.0,0.0
10,65-69,old_vaccine,0.5,0.0,0.0,0.0
10,65-69,new_vaccine,0.0,0.0,0.0,0.0
10,70-74,unvaccinated,1.0,0.0,0.0,0.0
10,70-74,old_vaccine,0.5,0.5,0.0,0.0
10,70-74,new_vaccine,0.0,0.0,0.0,0.0
10,75+,unvaccinated,1.0,1.0,0.0,0.0
10,75+,old_vaccine,1.5,0.0,0.0,0.0
10,75+,new_vaccine,0.0,0.0,0.0,0.0
11,0-4,unvaccinated,0.5,1.5,0.5,0.0
11,0-4,old_vaccine,0.0,2.0,0.0,0.0
11,0-4,new_vaccine,0.0,0.0,0.0,0.0
11,5-9,unvaccinated,0.0,2.0,0.0,0.0
11,5-9,old_vaccine,0.0,1.0,0.0,0.0
11,5-9,new_vaccine,0.0,0.0,0.0,0.0
11,10-14,unvaccinated,0.0,1.0,0.0,0.0
11,10-14,old_vaccine,0.0,1.0,0.0,0.0
11,10-14,new_vaccine,0.0,0.0,0.0,0.0
11,15-19,unvaccinated,0.0,0.0,0.0,0.0
11,15-19,old_vaccine,0.0,1.0,0.0,0.0
11,15-19,new_vaccine,0.0,0.0,0.0,0.0
11,20-24,unvaccinated,0.0,1.0,0.0,0.0
11,20-24,old_vaccine,0.0,1.0,0.0,0.0
11,20-24,new_vaccine,0.0,0.0,0.0,0.0
11,25-29,unvaccinated,0.0,2.5,0.0,0.0
11,25-29,old_vaccine,0.0,1.0,0.0,0.0
11,25-29,new_vaccine,0.0,0.0,0.0,0.0
11,30-34,unvaccinated,0.5,0.5,0.0,0.0
11,30-34,old_vaccine,0.0,0.5,0.0,0.0
11,30-34,new_vaccine,0.0,0.0,0.0,0.0
11,35-39,unvaccinated,0.0,1.0,0.0,0.0
11,35-39,old_vaccine,0.0,1.0,0.0,0.0
11,35-39,new_vaccine,0.0,0.0,0.0,0.0
11,40-44,unvaccinated,0.5,1.0,0.0,0.0
11,40-44,old_vaccine,0.0,1.0,0.0,0.0
11,40-44,new_vaccine,0.0,0.0,0.0,0.0
11,45-49,unvaccinated,0.5,1.0,0.0,0.0
11,45-49,old_vaccine,0.0,1.0,0.0,0.0
11,45-49,new_vaccine,0.0,0.0,0.0,0.0
11,50-54,unvaccinated,0.0,1.5,0.0,0.0
11,50-54,old_vaccine,0.5,1.0,0.0,0.0
11,50-54,new_vaccine,0.0,0.0,0.0,0.0
11,55-59,unvaccinated,0.5,0.5,0.0,0.0
11,55-59,old_vaccine,1.0,1.5,0.0,0.0
11,55-59,new_vaccine,0.0,0.0,0.0,0.0
11,60-64,unvaccinated,0.0,1.0,0.5,0.0
11,60-64,old_vaccine,0.5,0.5,0.0,0.0
11,60-64,new_vaccine,0.0,0.0,0.0,0.0
11,65-69,unvaccinated,1.0,1.5,0.0,0.0
11,65-69,old_vaccine,0.5,0.0,0.0,0.0
11,65-69,new_vaccine,0.0,0.0,0.0,0.0
11,70-74,unvaccinated,1.0,0.0,0.0,0.0
11,70-74,old_vaccine,0.5,0.5,0.0,0.0
11,70-74,new_vaccine,0.0,0.0,0.0,0.0
11,75+,unvaccinated,0.5,0.5,0.0,0.0
11,75+,old_vaccine,1.5,0.0,0.0,0.0
11,75+,new_vaccine,0.0,0.0,0.0,0.0
12,0-4,unvaccinated,0.5,1.5,0.0,0.0
12,0-4,old_vaccine,0.0,2.0,0.0,0.0
12,0-4,new_vaccine,0.0,0.0,0.0,0.0
12,5-9,unvaccinated,0.0,1.0,0.0,0.0
12,5-9,old_vaccine,0.0,1.0,0.0,0.0
12,5-9,new_vaccine,0.0,0.0,0.0,0.0
12,10-14,unvaccinated,0.0,1.0,0.0,0.0
12,10-14,old_vaccine,0.0,1.0,0.0,0.0
12,10-14,new_vaccine,0.0,0.0,0.0,0.0
12,15-19,unvaccinated,0.0,0.0,0.0,0.0
12,15-19,old_vaccine,0.0,1.0,0.0,0.0
12,15-19,new_vaccine,0.0,0.0,0.0,0.0
12,20-24,unvaccinated,0.0,1.5,0.0,0.0
12,20-24,old_vaccine,0.0,1.0,0.0,0.0
12,20-24,new_vaccine,0.0,0.0,0.0,0.0
12,25-29,unvaccinated,0.0,2.0,0.0,0.0
12,25-29,old_vaccine,0.0,0.5,0.0,0.0
12,25-29,new_vaccine,0.0,0.0,0.0,0.0
12,30-34,unvaccinated,0.0,0.5,0.0,0.0
12,30-34,old_vaccine,0.0,0.5,0.0,0.0
12,30-34,new_vaccine,0.0,0.0,0.0,0.0
12,35-39,unvaccinated,0.5,1.0,0.0,0.0
12,35-39,old_vaccine,0.0,1.0,0.0,0.0
12,35-39,new_vaccine,0.0,0.0,0.0,0.0
12,40-44,unvaccinated,0.5,1.0,0.0,0.0
12,40-44,old_vaccine,0.0,1.0,0.0,0.0
12,40-44,new_vaccine,0.0,0.0,0.0,0.0
12,45-49,unvaccinated,0.5,1.0,0.0,0.0
12,45-49,old_vaccine,0.0,0.5,0.0,0.0
12,45-49,new_vaccine,0.0,0.0,0.0,0.0
12,50-54,unvaccinated,0.5,0.0,0.0,0.0
12,50-54,old_vaccine,0.5,0.5,0.0,0.0
12,50-54,new_vaccine,0.0,0.0,0.0,0.0
12,55-59,unvaccinated,0.0,1.0,0.0,0.0
12,55-59,old_vaccine,1.0,1.0,0.0,0.0
12,55-59,new_vaccine,0.0,0.0,0.0,0.0
12,60-64,unvaccinated,0.5,1.0,0.5,0.0
12,60-64,old_vaccine,0.5,0.5,0.0,0.0
12,60-64,new_vaccine,0.0,0.0,0.0,0.0
12,65-69,unvaccinated,0.0,1.0,0.0,0.0
12,65-69,old_vaccine,0.5,0.0,0.0,0.0
12,65-69,new_vaccine,0.0,0.0,0.0,0.0
12,70-74,unvaccinated,0.5,0.0,0.0,0.0
12,70-74,old_vaccine,0.5,0.5,0.0,0.0
12,70-74,new_vaccine,0.0,0.0,0.0,0.0
12,75+,unvaccinated,0.5,0.0,0.0,0.0
12,75+,old_vaccine,1.5,0.0,0.0,0.0
12,75+,new_vaccine,0.0,0.0,0.0,0.0
13,0-4,unvaccinated,0.5,0.0,0.0,0.0
13,0-4,old_vaccine,0.0,2.0,0.0,0.0
13,0-4,new_vaccine,0.0,0.0,0.0,0.0
13,5-9,unvaccinated,0.0,0.5,0.0,0.0
13,5-9,old_vaccine,0.0,1.0,0.0,0.0
13,5-9,new_vaccine,0.0,0.0,0.0,0.0
13,10-14,unvaccinated,0.0,1.0,0.0,0.0
13,10-14,old_vaccine,0.0,1.0,0.0,0.0
13,10-14,new_vaccine,0.0,0.0,0.0,0.0
13,15-19,unvaccinated,0.0,0.0,0.0,0.0
13,15-19,old_vaccine,0.0,0.5,0.0,0.0
13,15-19,new_vaccine,0.0,0.0,0.0,0.0
13,20-24,unvaccinated,0.0,0.5,0.0,0.0
13,20-24,old_vaccine,0.0,1.0,0.0,0.0
13,20-24,new_vaccine,0.0,0.0,0.0,0.0
13,25-29,unvaccinated,0.0,3.0,0.0,0.0
13,25-29,old_vaccine,0.0,0.5,0.0,0.0
13,25-29,new_vaccine,0.0,0.0,0.0,0.0
13,30-34,unvaccinated,0.0,0.0,0.0,0.0
13,30-34,old_vaccine,0.0,1.0,0.0,0.0
13,30-34,new_vaccine,0.0,0.0,0.0,0.0
13,35-39,unvaccinated,0.5,1.5,0.0,0.0
13,35-39,old_vaccine,0.0,1.0,0.0,0.0
13,35-39,new_vaccine,0.0,0.0,0.0,0.0
13,40-44,unvaccinated,0.0,0.5,0.0,0.0
13,40-44,old_vaccine,0.0,1.0,0.0,0.0
13,40-44,new_vaccine,0.0,0.0,0.0,0.0
13,45-49,unvaccinated,0.5,0.0,0.0,0.0
13,45-49,old_vaccine,0.0,0.5,0.0,0.0
13,45-49,new_vaccine,0.0,0.0,0.0,0.0
13,50-54,unvaccinated,0.5,0.0,0.0,0.0
13,50-54,old_vaccine,0.5,0.5,0.0,0.0
13,50-54,new_vaccine,0.0,0.0,0.0,0.0
13,55-59,unvaccinated,0.0,1.0,0.0,0.0
13,55-59,old_vaccine,1.0,1.0,0.0,0.0
13,55-59,new_vaccine,0.0,0.0,0.0,0.0
13,60-64,unvaccinated,0.5,0.0,0.0,0.0
13,60-64,old_vaccine,0.5,0.0,0.0,0.0
13,60-64,new_vaccine,0.0,0.0,0.0,0.0
13,65-69,unvaccinated,0.0,0.0,0.0,0.0
13,65-69,old_vaccine,0.0,0.0,0.0,0.0
13,65-69,new_vaccine,0.0,0.0,0.0,0.0
13,70-74,unvaccinated,0.5,0.0,0.0,0.0
13,70-74,old_vaccine,0.5,0.5,0.0,0.0
13,70-74,new_vaccine,0.0,0.0,0.0,0.0
13,75+,unvaccinated,0.5,0.0,0.0,0.0
13,75+,old_vaccine,1.5,0.0,0.0,0.0
13,75+,new_vaccine,0.0,0.0,0.0,0.0
14,0-4,unvaccinated,0.5,0.5,0.0,0.0
14,0-4,old_vaccine,0.0,2.0,0.0,0.0
14,0-4,new_vaccine,0.0,0.0,0.0,0.0
14,5-9,unvaccinated,0.0,0.0,0.0,0.0
14,5-9,old_vaccine,0.0,1.0,0.0,0.0
14,5-9,new_vaccine,0.0,0.0,0.0,0.0
14,10-14,unvaccinated,0.0,1.5,0.0,0.0
14,10-14,old_vaccine,0.0,1.0,0.0,0.0
14,10-14,new_vaccine,0.0,0.0,0.0,0.0
14,15-19,unvaccinated,0.0,0.5,0.0,0.0
14,15-19,old_vaccine,0.0,0.5,0.0,0.0
14,15-19,new_vaccine,0.0,0.0,0.0,0.0
14,20-24,unvaccinated,0.5,0.5,0.0,0.0
14,20-24,old_vaccine,0.0,1.0,0.0,0.0
14,20-24,new_vaccine,0.0,0.0,0.0,0.0
14,25-29,unvaccinated,0.0,3.0,0.0,0.0
14,25-29,old_vaccine,0.0,0.5,0.0,0.0
14,25-29,new_vaccine,0.0,0.0,0.0,0.0
14,30-34,unvaccinated,0.0,0.5,0.0,0.0
14,30-34,old_vaccine,0.0,1.5,0.0,0.0
14,30-34,new_vaccine,0.0,0.0,0.0,0.0
14,35-39,unvaccinated,0.5,1.5,0.0,0.0
14,35-39,old_vaccine,0.0,1.0,0.0,0.0
14,35-39,new_vaccine,0.0,0.0,0.0,0.0
14,40-44,unvaccinated,0.0,0.0,0.0,0.0
14,40-44,old_vaccine,0.0,1.0,0.0,0.0
14,40-44,new_vaccine,0.0,0.0,0.0,0.0
14,45-49,unvaccinated,0.5,0.0,0.0,0.0
14,45-49,old_vaccine,0.0,0.5,0.0,0.0
14,45-49,new_vaccine,0.0,0.0,0.0,0.0
14,50-54,unvaccinated,0.0,0.0,0.0,0.0
14,50-54,old_vaccine,0.5,0.5,0.0,0.0
14,50-54,new_vaccine,0.0,0.0,0.0,0.0
14,55-59,unvaccinated,0.0,1.5,0.0,0.0
14,55-59,old_vaccine,1.0,1.0,0.0,0.0
14,55-59,new_vaccine,0.0,0.0,0.0,0.0
14,60-64,unvaccinated,0.5,0.0,0.0,0.0
14,60-64,old_vaccine,0.5,0.0,0.0,0.0
14,60-64,new_vaccine,0.0,0.0,0.0,0.0
14,65-69,unvaccinated,0.5,0.0,0.0,0.0
14,65-69,old_vaccine,0.5,0.0,0.0,0.0
14,65-69,new_vaccine,0.0,0.0,0.0,0.0
14,70-74,unvaccinated,0.5,0.0,0.0,0.0
14,70-74,old_vaccine,0.5,0.5,0.0,0.0
14,70-74,new_vaccine,0.0,0.0,0.0,0.0
14,75+,unvaccinated,0.5,0.0,0.0,0.0
14,75+,old_vaccine,0.0,0.0,0.0,0.0
14,75+,new_vaccine,0.0,0.0,0.0,0.0
15,0-4,unvaccinated,0.0,2.0,0.0,0.0
15,0-4,old_vaccine,0.0,2.0,0.0,0.0
15,0-4,new_vaccine,0.0,0.0,0.0,0.0
15,5-9,unvaccinated,0.0,0.0,0.0,0.0
15,5-9,old_vaccine,0.0,0.5,0.0,0.0
15,5-9,new_vaccine,0.0,0.0,0.0,0.0
15,10-14,unvaccinated,0.0,1.0,0.0,0.0
15,10-14,old_vaccine,0.0,1.5,0.0,0.0
15,10-14,new_vaccine,0.0,0.0,0.0,0.0
15,15-19,unvaccinated,0.0,0.5,0.0,0.0
15,15-19,old_vaccine,0.0,1.0,0.0,0.0
15,15-19,new_vaccine,0.0,0.0,0.0,0.0
15,20-24,unvaccinated,0.5,0.5,0.0,0.0
15,20-24,old_vaccine,0.0,1.0,0.0,0.0
15,20-24,new_vaccine,0.0,0.0,0.0,0.0
15,25-29,unvaccinated,0.0,1.0,0.0,0.0
15,25-29,old_vaccine,0.0,0.5,0.0,0.0
15,25-29,new_vaccine,0.0,0.0,0.0,0.0
15,30-34,unvaccinated,0.0,0.0,0.0,0.0
15,30-34,old_vaccine,0.0,2.0,0.0,0.0
15,30-34,new_vaccine,0.0,0.0,0.0,0.0
15,35-39,unvaccinated,0.5,1.5,0.0,0.0
15,35-39,old_vaccine,0.5,1.0,0.0,0.0
15,35-39,new_vaccine,0.0,0.0,0.0,0.0
15,40-44,unvaccinated,0.0,0.0,0.0,0.0
15,40-44,old_vaccine,0.0,1.0,0.0,0.0
15,40-44,new_vaccine,0.0,0.0,0.0,0.0
15,45-49,unvaccinated,0.0,0.0,0.0,0.0
15,45-49,old_vaccine,0.0,1.0,0.0,0.0
15,45-49,new_vaccine,0.0,0.0,0.0,0.0
15,50-54,unvaccinated,0.0,0.5,0.0,0.0
15,50-54,old_vaccine,0.5,0.5,0.0,0.0
15,50-54,new_vaccine,0.0,0.0,0.0,0.0
15,55-59,unvaccinated,0.0,1.0,0.0,0.0
15,55-59,old_vaccine,0.0,1.0,0.0,0.0
15,55-59,new_vaccine,0.0,0.0,0.0,0.0
15,60-64,unvaccinated,0.5,0.0,0.0,0.0
15,60-64,old_vaccine,0.5,0.0,0.0,0.0
15,60-64,new_vaccine,0.0,0.0,0.0,0.0
15,65-69,unvaccinated,0.5,0.0,0.0,0.0
15,65-69,old_vaccine,1.0,0.0,0.0,0.0
15,65-69,new_vaccine,0.0,0.0,0.0,0.0
15,70-74,unvaccinated,0.0,0.0,0.0,0.0
15,70-74,old_vaccine,1.0,0.5,0.0,0.0
15,70-74,new_vaccine,0.0,0.0,0.0,0.0
15,75+,unvaccinated,0.0,0.0,0.0,0.0
15,75+,old_vaccine,0.5,0.5,0.0,0.0
15,75+,new_vaccine,0.0,0.0,0.0,0.0
16,0-4,unvaccinated,0.0,2.0,0.0,0.0
16,0-4,old_vaccine,0.0,2.0,0.0,0.0
16,0-4,new_vaccine,0.0,0.0,0.0,0.0
16,5-9,unvaccinated,0.0,0.5,0.0,0.0
16,5-9,old_vaccine,0.0,0.5,0.0,0.0
16,5-9,new_vaccine,0.0,0.0,0.0,0.0
16,10-14,unvaccinated,0.0,0.5,0.0,0.0
16,10-14,old_vaccine,0.0,2.0,0.0,0.0
16,10-14,new_vaccine,0.0,0.0,0.0,0.0
16,15-19,unvaccinated,0.0,0.0,0.0,0.0
16,15-19,old_vaccine,0.0,1.0,0.0,0.0
16,15-19,new_vaccine,0.0,0.0,0.0,0.0
16,20-24,unvaccinated,0.0,0.5,0.0,0.0
16,20-24,old_vaccine,0.0,1.0,0.0,0.0
16,20-24,new_vaccine,0.0,0.0,0.0,0.0
16,25-29,unvaccinated,0.0,0.5,0.0,0.0
16,25-29,old_vaccine,0.0,0.5,0.0,0.0
16,25-29,new_vaccine,0.0,0.0,0.0,0.0
16,30-34,unvaccinated,0.0,0.5,0.0,0.0
16,30-34,old_vaccine,0.0,2.0,0.0,0.0
16,30-34,new_vaccine,0.0,0.0,0.0,0.0
16,35-39,unvaccinated,0.5,0.0,0.0,0.0
16,35-39,old_vaccine,0.5,1.0,0.0,0.0
16,35-39,new_vaccine,0.0,0.0,0.0,0.0
16,40-44,unvaccinated,0.0,0.5,0.0,0.0
16,40-44,old_vaccine,0.0,1.0,0.0,0.0
16,40-44,new_vaccine,0.0,0.0,0.0,0.0
16,45-49,unvaccinated,0.0,0.5,0.0,0.0
16,45-49,old_vaccine,0.0,1.0,0.0,0.0
16,45-49,new_vaccine,0.0,0.0,0.0,0.0
16,50-54,unvaccinated,0.0,0.0,0.0,0.0
16,50-54,old_vaccine,0.5,0.5,0.0,0.0
16,50-54,new_vaccine,0.0,0.0,0.0,0.0
16,55-59,unvaccinated,0.0,1.0,0.0,0.0
16,55-59,old_vaccine,0.0,1.5,0.0,0.0
16,55-59,new_vaccine,0.0,0.0,0.0,0.0
16,60-64,unvaccinated,0.5,0.0,0.0,0.0
16,60-64,old_vaccine,0.5,0.0,0.0,0.0
16,60-64,new_vaccine,0.0,0.0,0.0,0.0
16,65-69,unvaccinated,0.5,0.5,0.0,0.0
16,65-69,old_vaccine,1.0,0.0,0.0,0.0
16,65-69,new_vaccine,0.0,0.0,0.0,0.0
16,70-74,unvaccinated,0.0,0.0,0.0,0.0
16,70-74,old_vaccine,0.5,0.5,0.0,0.0
16,70-74,new_vaccine,0.0,0.0,0.0,0.0
16,75+,unvaccinated,0.0,0.0,0.0,0.0
16,75+,old_vaccine,0.0,0.5,0.0,0.0
16,75+,new_vaccine,0.0,0.0,0.0,0.0
17,0-4,unvaccinated,0.0,2.0,0.0,0.0
17,0-4,old_vaccine,0.0,1.5,0.0,0.0
17,0-4,new_vaccine,0.0,0.0,0.0,0.0
17,5-9,unvaccinated,0.0,0.0,0.0,0.0
17,5-9,old_vaccine,0.0,1.0,0.0,0.0
17,5-9,new_vaccine,0.0,0.0,0.0,0.0
17,10-14,unvaccinated,0.0,0.0,0.0,0.0
17,10-14,old_vaccine,0.5,2.0,0.0,0.0
17,10-14,new_vaccine,0.0,0.0,0.0,0.0
17,15-19,unvaccinated,0.0,0.5,0.0,0.0
17,15-19,old_vaccine,0.0,1.5,0.0,0.0
17,15-19,new_vaccine,0.0,0.0,0.0,0.0
17,20-24,unvaccinated,0.0,1.0,0.0,0.0
17,20-24,old_vaccine,0.0,1.0,0.0,0.0
17,20-24,new_vaccine,0.0,0.0,0.0,0.0
17,25-29,unvaccinated,0.0,0.0,0.0,0.0
17,25-29,old_vaccine,0.0,0.5,0.0,0.0
17,25-29,new_vaccine,0.0,0.0,0.0,0.0
17,30-34,unvaccinated,0.0,0.5,0.0,0.0
17,30-34,old_vaccine,0.0,2.0,0.0,0.0
17,30-34,new_vaccine,0.0,0.0,0.0,0.0
17,35-39,unvaccinated,0.5,0.0,0.0,0.0
17,35-39,old_vaccine,0.5,1.0,0.0,0.0
17,35-39,new_vaccine,0.0,0.0,0.0,0.0
17,40-44,unvaccinated,0.0,0.5,0.0,0.0
17,40-44,old_vaccine,0.5,2.0,0.0,0.0
17,40-44,new_vaccine,0.0,0.0,0.0,0.0
17,45-49,unvaccinated,0.0,0.5,0.0,0.0
17,45-49,old_vaccine,0.5,0.5,0.0,0.0
17,45-49,new_vaccine,0.0,0.0,0.0,0.0
17,50-54,unvaccinated,0.0,0.0,0.0,0.0
17,50-54,old_vaccine,0.5,1.0,0.0,0.0
17,50-54,new_vaccine,0.0,0.0,0.0,0.0
17,55-59,unvaccinated,0.0,1.5,0.0,0.0
17,55-59,old_vaccine,0.0,1.0,0.0,0.0
17,55-59,new_vaccine,0.0,0.0,0.0,0.0
17,60-64,unvaccinated,0.0,0.0,0.0,0.0
17,60-64,old_vaccine,0.5,0.0,0.0,0.0
17,60-64,new_vaccine,0.0,0.0,0.0,0.0
17,65-69,unvaccinated,0.5,0.5,0.0,0.0
17,65-69,old_vaccine,1.0,0.0,0.0,0.0
17,65-69,new_vaccine,0.0,0.0,0.0,0.0
17,70-74,unvaccinated,0.0,0.0,0.0,0.0
17,70-74,old_vaccine,0.5,0.5,0.0,0.0
17,70-74,new_vaccine,0.0,0.0,0.0,0.0
17,75+,unvaccinated,0.0,0.0,0.0,0.0
17,75+,old_vaccine,0.0,1.0,0.0,0.0
17,75+,new_vaccine,0.0,0.0,0.0,0.0
18,0-4,unvaccinated,0.0,1.5,0.0,0.0
18,0-4,old_vaccine,0.0,1.5,0.0,0.0
18,0-4,new_vaccine,0.0,0.0,0.0,0.0
18,5-9,unvaccinated,0.0,0.5,0.0,0.0
18,5-9,old_vaccine,0.0,1.0,0.0,0.0
18,5-9,new_vaccine,0.0,0.0,0.0,0.0
18,10-14,unvaccinated,0.0,0.5,0.0,0.0
18,10-14,old_vaccine,0.5,2.0,0.0,0.0
18,10-14,new_vaccine,0.0,0.0,0.0,0.0
18,15-19,unvaccinated,0.0,1.0,0.0,0.0
18,15-19,old_vaccine,0.0,1.5,0.0,0.0
18,15-19,new_vaccine,0.0,0.0,0.0,0.0
18,20-24,unvaccinated,0.0,1.0,0.0,0.0
18,20-24,old_vaccine,0.0,1.5,0.0,0.0
18,20-24,new_vaccine,0.0,0.0,0.0,0.0
18,25-29,unvaccinated,0.0,0.0,0.0,0.0
18,25-29,old_vaccine,0.0,1.0,0.0,0.0
18,25-29,new_vaccine,0.0,0.0,0.0,0.0
18,30-34,unvaccinated,0.0,0.0,0.0,0.0
18,30-34,old_vaccine,0.0,2.5,0.0,0.0
18,30-34,new_vaccine,0.0,0.0,0.0,0.0
18,35-39,unvaccinated,0.0,0.5,0.0,0.0
18,35-39,old_vaccine,0.5,1.0,0.0,0.0
18,35-39,new_vaccine,0.0,0.0,0.0,0.0
18,40-44,unvaccinated,0.0,0.0,0.0,0.0
18,40-44,old_vaccine,0.5,2.5,0.0,0.0
18,40-44,new_vaccine,0.0,0.0,0.0,0.0
18,45-49,unvaccinated,0.0,0.5,0.0,0.0
18,45-49,old_vaccine,0.5,0.5,0.0,0.0
18,45-49,new_vaccine,0.0,0.0,0.0,0.0
18,50-54,unvaccinated,0.0,0.0,0.0,0.0
18,50-54,old_vaccine,1.0,1.5,0.0,0.0
18,50-54,new_vaccine,0.0,0.0,0.0,0.0
18,55-59,unvaccinated,0.0,0.5,0.0,0.0
18,55-59,old_vaccine,0.5,1.0,0.0,0.0
18,55-59,new_vaccine,0.0,0.0,0.0,0.0
18,60-64,unvaccinated,0.0,0.0,0.0,0.0
18,60-64,old_vaccine,0.0,0.0,0.0,0.0
18,60-64,new_vaccine,0.0,0.0,0.0,0.0
18,65-69,unvaccinated,0.0,0.0,0.0,0.0
18,65-69,old_vaccine,1.0,0.5,0.0,0.0
18,65-69,new_vaccine,0.0,0.0,0.0,0.0
18,70-74,unvaccinated,0.0,0.0,0.0,0.0
18,70-74,old_vaccine,0.5,0.5,0.0,0.0
18,70-74,new_vaccine,0.0,0.0,0.0,0.0
18,75+,unvaccinated,0.0,0.5,0.0,0.0
18,75+,old_vaccine,0.0,1.5,0.0,0.0
18,75+,new_vaccine,0.0,0.0,0.0,0.0
19,0-4,unvaccinated,0.0,0.0,0.0,0.0
19,0-4,old_vaccine,0.0,1.5,0.0,0.0
19,0-4,new_vaccine,0.0,0.0,0.0,0.0
19,5-9,unvaccinated,0.0,0.0,0.0,0.0
19,5-9,old_vaccine,0.0,1.0,0.0,0.0
19,5-9,new_vaccine,0.0,0.0,0.0,0.0
19,10-14,unvaccinated,0.0,0.0,0.0,0.0
19,10-14,old_vaccine,0.5,2.0,0.0,0.0
19,10-14,new_vaccine,0.0,0.0,0.0,0.0
19,15-19,unvaccinated,0.0,1.0,0.0,0.0
19,15-19,old_vaccine,0.0,2.0,0.0,0.0
19,15-19,new_vaccine,0.0,0.0,0.0,0.0
19,20-24,unvaccinated,0.0,1.0,0.0,0.0
19,20-24,old_vaccine,0.0,1.5,0.0,0.0
19,20-24,new_vaccine,0.0,0.0,0.0,0.0
19,25-29,unvaccinated,0.0,0.5,0.0,0.0
19,25-29,old_vaccine,0.0,0.5,0.0,0.0
19,25-29,new_vaccine,0.0,0.0,0.0,0.0
19,30-34,unvaccinated,0.0,0.0,0.0,0.0
19,30-34,old_vaccine,0.0,2.0,0.0,0.0
19,30-34,new_vaccine,0.0,0.0,0.0,0.0
19,35-39,unvaccinated,0.0,0.0,0.0,0.0
19,35-39,old_vaccine,0.5,1.0,0.0,0.0
19,35-39,new_vaccine,0.0,0.0,0.0,0.0
19,40-44,unvaccinated,0.0,0.5,0.0,0.0
19,40-44,old_vaccine,0.5,3.0,0.0,0.0
19,40-44,new_vaccine,0.0,0.0,0.0,0.0
19,45-49,unvaccinated,0.0,0.5,0.0,0.0
19,45-49,old_vaccine,0.5,0.0,0.0,0.0
19,45-49,new_vaccine,0.0,0.0,0.0,0.0
19,50-54,unvaccinated,0.0,0.0,0.0,0.0
19,50-54,old_vaccine,1.5,2.0,0.0,0.0
19,50-54,new_vaccine,0.0,0.0,0.0,0.0
19,55-59,unvaccinated,0.0,0.5,0.0,0.0
19,55-59,old_vaccine,0.0,1.5,0.0,0.0
19,55-59,new_vaccine,0.0,0.0,0.0,0.0
19,60-64,unvaccinated,0.0,0.0,0.0,0.0
19,60-64,old_vaccine,0.5,0.0,0.0,0.0
19,60-64,new_vaccine,0.0,0.0,0.0,0.0
19,65-69,unvaccinated,0.5,0.0,0.0,0.0
19,65-69,old_vaccine,1.0,1.0,0.0,0.0
19,65-69,new_vaccine,0.0,0.0,0.0,0.0
19,70-74,unvaccinated,0.0,0.0,0.0,0.0
19,70-74,old_vaccine,1.0,0.5,0.0,0.0
19,70-74,new_vaccine,0.0,0.0,0.0,0.0
19,75+,unvaccinated,0.0,0.5,0.0,0.0
19,75+,old_vaccine,0.0,1.5,0.0,0.0
19,75+,new_vaccine,0.0,0.0,0.0,0.0
20,0-4,unvaccinated,0.0,0.5,0.0,0.0
20,0-4,old_vaccine,0.0,1.5,0.0,0.0
20,0-4,new_vaccine,0.0,0.0,0.0,0.0
20,5-9,unvaccinated,0.0,0.5,0.0,0.0
20,5-9,old_vaccine,0.0,1.5,0.0,0.0
20,5-9,new_vaccine,0.0,0.0,0.0,0.0
20,10-14,unvaccinated,0.0,0.0,0.0,0.0
20,10-14,old_vaccine,0.5,1.5,0.0,0.0
20,10-14,new_vaccine,0.0,0.0,0.0,0.0
20,15-19,unvaccinated,0.0,0.5,0.0,0.0
20,15-19,old_vaccine,0.0,2.5,0.0,0.0
20,15-19,new_vaccine,0.0,0.0,0.0,0.0
20,20-24,unvaccinated,0.0,1.0,0.0,0.0
20,20-24,old_vaccine,0.0,1.0,0.0,0.0
20,20-24,new_vaccine,0.0,0.0,0.0,0.0
20,25-29,unvaccinated,0.0,0.5,0.0,0.0
20,25-29,old_vaccine,0.0,1.0,0.0,0.0
20,25-29,new_vaccine,0.0,0.0,0.0,0.0
20,30-34,unvaccinated,0.0,0.0,0.0,0.0
20,30-34,old_vaccine,0.0,3.5,0.0,0.0
20,30-34,new_vaccine,0.0,0.0,0.0,0.0
20,35-39,unvaccinated,0.0,0.5,0.0,0.0
20,35-39,old_vaccine,0.5,1.0,0.0,0.0
20,35-39,new_vaccine,0.0,0.0,0.0,0.0
20,40-44,unvaccinated,0.0,1.0,0.0,0.0
20,40-44,old_vaccine,0.5,2.5,0.0,0.0
20,40-44,new_vaccine,0.0,0.0,0.0,0.0
20,45-49,unvaccinated,0.0,0.5,0.0,0.0
20,45-49,old_vaccine,0.5,0.5,0.0,0.0
20,45-49,new_vaccine,0.0,0.0,0.0,0.0
20,50-54,unvaccinated,0.0,0.0,0.0,0.0
20,50-54,old_vaccine,1.5,1.0,0.0,0.0
20,50-54,new_vaccine,0.0,0.0,0.0,0.0
20,55-59,unvaccinated,0.0,0.5,0.0,0.0
20,55-59,old_vaccine,0.0,1.0,0.0,0.0
20,55-59,new_vaccine,0.0,0.0,0.0,0.0
20,60-64,unvaccinated,0.0,0.0,0.0,0.0
20,60-64,old_vaccine,0.5,1.0,0.0,0.0
20,60-64,new_vaccine,0.0,0.0,0.0,0.0
20,65-69,unvaccinated,0.5,0.0,0.0,0.0
20,65-69,old_vaccine,1.0,0.5,0.0,0.0
20,65-69,new_vaccine,0.0,0.0,0.0,0.0
20,70-74,unvaccinated,0.0,0.0,0.0,0.0
20,70-74,old_vaccine,1.5,0.5,0.0,0.0
20,70-74,new_vaccine,0.0,0.0,0.0,0.0
20,75+,unvaccinated,0.0,0.5,0.0,0.0
20,75+,old_vaccine,0.5,1.5,0.0,0.0
20,75+,new_vaccine,0.0,0.0,0.0,0.0
21,0-4,unvaccinated,0.0,1.0,0.0,0.0
21,0-4,old_vaccine,0.0,1.5,0.0,0.0
21,0-4,new_vaccine,0.0,0.0,0.0,0.0
21,5-9,unvaccinated,0.0,0.0,0.0,0.0
21,5-9,old_vaccine,0.0,2.0,0.0,0.0
21,5-9,new_vaccine,0.0,0.0,0.0,0.0
21,10-14,unvaccinated,0.0,0.5,0.0,0.0
21,10-14,old_vaccine,0.5,1.5,0.0,0.0
21,10-14,new_vaccine,0.0,0.0,0.0,0.0
21,15-19,unvaccinated,0.0,0.5,0.0,0.0
21,15-19,old_vaccine,0.0,2.0,0.0,0.0
21,15-19,new_vaccine,0.0,0.0,0.0,0.0
21,20-24,unvaccinated,0.0,1.5,0.0,0.0
21,20-24,old_vaccine,0.0,0.5,0.0,0.0
21,20-24,new_vaccine,0.0,0.0,0.0,0.0
21,25-29,unvaccinated,0.0,0.5,0.0,0.0
21,25-29,old_vaccine,0.5,2.0,0.0,0.0
21,25-29,new_vaccine,0.0,0.0,0.0,0.0
21,30-34,unvaccinated,0.0,0.0,0.0,0.0
21,30-34,old_vaccine,0.0,2.0,0.0,0.0
21,30-34,new_vaccine,0.0,0.0,0.0,0.0
21,35-39,unvaccinated,0.0,0.5,0.0,0.0
21,35-39,old_vaccine,0.0,2.5,0.0,0.0
21,35-39,new_vaccine,0.0,0.0,0.0,0.0
21,40-44,unvaccinated,0.0,1.0,0.0,0.0
21,40-44,old_vaccine,0.5,2.0,0.0,0.0
21,40-44,new_vaccine,0.0,0.0,0.0,0.0
21,45-49,unvaccinated,0.0,0.5,0.0,0.0
21,45-49,old_vaccine,0.5,0.5,0.0,0.0
21,45-49,new_vaccine,0.0,0.0,0.0,0.0
21,50-54,unvaccinated,0.0,0.0,0.0,0.0
21,50-54,old_vaccine,1.5,0.5,0.0,0.0
21,50-54,new_vaccine,0.0,0.0,0.0,0.0
21,55-59,unvaccinated,0.5,0.5,0.0,0.0
21,55-59,old_vaccine,0.0,0.5,0.0,0.0
21,55-59,new_vaccine,0.0,0.0,0.0,0.0
21,60-64,unvaccinated,0.0,0.0,0.0,0.0
21,60-64,old_vaccine,0.5,1.5,0.0,0.0
21,60-64,new_vaccine,0.0,0.0,0.0,0.0
21,65-69,unvaccinated,0.5,0.0,0.0,0.0
21,65-69,old_vaccine,1.0,0.5,0.0,0.0
21,65-69,new_vaccine,0.0,0.0,0.0,0.0
21,70-74,unvaccinated,0.0,0.0,0.0,0.0
21,70-74,old_vaccine,1.5,0.5,0.0,0.0
21,70-74,new_vaccine,0.0,0.0,0.0,0.0
21,75+,unvaccinated,0.5,0.5,0.0,0.0
21,75+,old_vaccine,0.0,1.0,0.0,0.0
21,75+,new_vaccine,0.0,0.0,0.0,0.0
22,0-4,unvaccinated,0.0,1.0,0.0,0.0
22,0-4,old_vaccine,0.0,2.5,0.0,0.0
22,0-4,new_vaccine,0.0,0.0,0.0,0.0
22,5-9,unvaccinated,0.0,0.0,0.0,0.0
22,5-9,old_vaccine,0.0,2.5,0.0,0.0
22,5-9,new_vaccine,0.0,0.0,0.0,0.0
22,10-14,unvaccinated,0.0,1.0,0.0,0.0
22,10-14,old_vaccine,0.5,1.0,0.0,0.0
22,10-14,new_vaccine,0.0,0.0,0.0,0.0
22,15-19,unvaccinated,0.0,0.0,0.0,0.0
22,15-19,old_vaccine,0.0,1.5,0.0,0.0
22,15-19,new_vaccine,0.0,0.0,0.0,0.0
22,20-24,unvaccinated,0.0,1.0,0.0,0.0
22,20-24,old_vaccine,0.0,0.5,0.0,0.0
22,20-24,new_vaccine,0.0,0.0,0.0,0.0
22,25-29,unvaccinated,0.0,0.5,0.0,0.0
22,25-29,old_vaccine,0.0,1.5,0.0,0.0
22,25-29,new_vaccine,0.0,0.0,0.0,0.0
22,30-34,unvaccinated,0.0,0.0,0.0,0.0
22,30-34,old_vaccine,0.0,1.5,0.0,0.0
22,30-34,new_vaccine,0.0,0.0,0.0,0.0
22,35-39,unvaccinated,0.0,0.5,0.0,0.0
22,35-39,old_vaccine,0.0,1.5,0.0,0.0
22,35-39,new_vaccine,0.0,0.0,0.0,0.0
22,40-44,unvaccinated,0.0,1.0,0.0,0.0
22,40-44,old_vaccine,0.5,2.5,0.0,0.0
22,40-44,new_vaccine,0.0,0.0,0.0,0.0
22,45-49,unvaccinated,0.0,0.5,0.0,0.0
22,45-49,old_vaccine,0.5,0.5,0.0,0.0
22,45-49,new_vaccine,0.0,0.0,0.0,0.0
22,50-54,unvaccinated,0.0,0.0,0.0,0.0
22,50-54,old_vaccine,1.5,0.0,0.0,0.0
22,50-54,new_vaccine,0.0,0.0,0.0,0.0
22,55-59,unvaccinated,0.5,0.5,0.0,0.0
22,55-59,old_vaccine,0.0,0.5,0.0,0.0
22,55-59,new_vaccine,0.0,0.0,0.0,0.0
22,60-64,unvaccinated,0.0,0.0,0.0,0.0
22,60-64,old_vaccine,0.5,2.5,0.0,0.0
22,60-64,new_vaccine,0.0,0.0,0.0,0.0
22,65-69,unvaccinated,0.5,0.0,0.0,0.0
22,65-69,old_vaccine,1.0,0.5,0.0,0.0
22,65-69,new_vaccine,0.0,0.0,0.0,0.0
22,70-74,unvaccinated,0.0,0.0,0.0,0.0
22,70-74,old_vaccine,1.5,0.5,0.0,0.0
22,70-74,new_vaccine,0.0,0.0,0.0,0.0
22,75+,unvaccinated,0.5,0.5,0.0,0.0
22,75+,old_vaccine,1.5,1.0,0.0,0.0
22,75+,new_vaccine,0.0,0.0,0.0,0.0
23,0-4,unvaccinated,0.0,1.0,0.0,0.0
23,0-4,old_vaccine,0.0,2.0,0.0,0.0
23,0-4,new_vaccine,0.0,0.0,0.0,0.0
23,5-9,unvaccinated,0.0,0.0,0.0,0.0
23,5-9,old_vaccine,0.0,3.0,0.0,0.0
23,5-9,new_vaccine,0.0,0.0,0.0,0.0
23,10-14,unvaccinated,0.0,1.0,0.0,0.0
23,10-14,old_vaccine,0.0,1.5,0.0,0.0
23,10-14,new_vaccine,0.0,0.0,0.0,0.0
23,15-19,unvaccinated,0.0,0.0,0.0,0.0
23,15-19,old_vaccine,0.0,1.0,0.0,0.0
23,15-19,new_vaccine,0.0,0.0,0.0,0.0
23,20-24,unvaccinated,0.0,1.5,0.0,0.0
23,20-24,old_vaccine,0.0,0.5,0.0,0.0
23,20-24,new_vaccine,0.0,0.0,0.0,0.0
23,25-29,unvaccinated,0.0,0.0,0.0,0.0
23,25-29,old_vaccine,0.0,1.5,0.0,0.0
23,25-29,new_vaccine,0.0,0.0,0.0,0.0
23,30-34,unvaccinated,0.0,0.0,0.0,0.0
23,30-34,old_vaccine,0.0,1.5,0.0,0.0
23,30-34,new_vaccine,0.0,0.0,0.0,0.0
23,35-39,unvaccinated,0.0,0.5,0.0,0.0
23,35-39,old_vaccine,0.0,1.5,0.0,0.0
23,35-39,new_vaccine,0.0,0.0,0.0,0.0
23,40-44,unvaccinated,0.0,1.0,0.0,0.0
23,40-44,old_vaccine,0.5,1.0,0.0,0.0
23,40-44,new_vaccine,0.0,0.0,0.0,0.0
23,45-49,unvaccinated,0.0,0.0,0.0,0.0
23,45-49,old_vaccine,0.5,0.0,0.0,0.0
23,45-49,new_vaccine,0.0,0.0,0.0,0.0
23,50-54,unvaccinated,0.0,0.0,0.0,0.0
23,50-54,old_vaccine,1.5,0.5,0.0,0.0
23,50-54,new_vaccine,0.0,0.0,0.0,0.0
23,55-59,unvaccinated,0.5,0.0,0.0,0.0
23,55-59,old_vaccine,0.5,1.0,0.0,0.0
23,55-59,new_vaccine,0.0,0.0,0.0,0.0
23,60-64,unvaccinated,0.0,0.0,0.0,0.0
23,60-64,old_vaccine,0.5,2.5,0.0,0.0
23,60-64,new_vaccine,0.0,0.0,0.0,0.0
23,65-69,unvaccinated,0.0,0.0,0.0,0.0
23,65-69,old_vaccine,0.5,0.5,0.0,0.0
23,65-69,new_vaccine,0.0,0.0,0.0,0.0
23,70-74,unvaccinated,0.0,0.0,0.0,0.0
23,70-74,old_vaccine,2.0,1.0,0.0,0.0
23,70-74,new_vaccine,0.0,0.0,0.0,0.0
23,75+,unvaccinated,0.5,0.5,0.0,0.0
23,75+,old_vaccine,2.0,1.0,0.0,0.0
23,75+,new_vaccine,0.0,0.0,0.0,0.0
24,0-4,unvaccinated,0.0,1.0,0.0,0.0
24,0-4,old_vaccine,0.0,2.0,0.0,0.0
24,0-4,new_vaccine,0.0,0.0,0.0,0.0
24,5-9,unvaccinated,0.0,0.0,0.0,0.0
24,5-9,old_vaccine,0.0,2.5,0.0,0.0
24,5-9,new_vaccine,0.0,0.0,0.0,0.0
24,10-14,unvaccinated,0.0,0.5,0.0,0.0
24,10-14,old_vaccine,0.0,1.5,0.0,0.0
24,10-14,new_vaccine,0.0,0.0,0.0,0.0
24,15-19,unvaccinated,0.0,0.0,0.0,0.0
24,15-19,old_vaccine,0.0,1.0,0.0,0.0
24,15-19,new_vaccine,0.0,0.0,0.0,0.0
24,20-24,unvaccinated,0.0,1.0,0.0,0.0
24,20-24,old_vaccine,0.0,0.5,0.0,0.0
24,20-24,new_vaccine,0.0,0.0,0.0,0.0
24,25-29,unvaccinated,0.0,0.5,0.0,0.0
24,25-29,old_vaccine,0.0,2.0,0.0,0.0
24,25-29,new_vaccine,0.0,0.0,0.0,0.0
24,30-34,unvaccinated,0.5,0.5,0.0,0.0
24,30-34,old_vaccine,0.0,1.0,0.0,0.0
24,30-34,new_vaccine,0.0,0.0,0.0,0.0
24,35-39,unvaccinated,0.0,0.5,0.0,0.0
24,35-39,old_vaccine,0.0,1.5,0.0,0.0
24,35-39,new_vaccine,0.0,0.0,0.0,0.0
24,40-44,unvaccinated,0.0,1.0,0.0,0.0
24,40-44,old_vaccine,0.0,0.0,0.0,0.0
24,40-44,new_vaccine,0.0,0.0,0.0,0.0
24,45-49,unvaccinated,0.0,0.0,0.0,0.0
24,45-49,old_vaccine,0.0,1.0,0.0,0.0
24,45-49,new_vaccine,0.0,0.0,0.0,0.0
24,50-54,unvaccinated,0.0,0.0,0.0,0.0
24,50-54,old_vaccine,1.5,0.5,0.0,0.0
24,50-54,new_vaccine,0.0,0.0,0.0,0.0
24,55-59,unvaccinated,0.5,0.5,0.0,0.0
24,55-59,old_vaccine,0.5,1.5,0.0,0.0
24,55-59,new_vaccine,0.0,0.0,0.0,0.0
24,60-64,unvaccinated,0.0,0.0,0.0,0.0
24,60-64,old_vaccine,0.5,2.5,0.0,0.0
24,60-64,new_vaccine,0.0,0.0,0.0,0.0
24,65-69,unvaccinated,0.5,0.5,0.0,0.0
24,65-69,old_vaccine,1.0,0.5,0.0,0.0
24,65-69,new_vaccine,0.0,0.0,0.0,0.0
24,70-74,unvaccinated,0.0,0.0,0.0,0.0
24,70-74,old_vaccine,2.0,0.5,0.0,0.0
24,70-74,new_vaccine,0.0,0.0,0.0,0.0
24,75+,unvaccinated,0.0,0.5,0.0,0.0
24,75+,old_vaccine,2.0,1.0,0.0,0.0
24,75+,new_vaccine,0.0,0.0,0.0,0.0
25,0-4,unvaccinated,0.0,1.0,0.0,0.0
25,0-4,old_vaccine,0.0,2.0,0.0,0.0
25,0-4,new_vaccine,0.0,0.0,0.0,0.0
25,5-9,unvaccinated,0.0,0.0,0.0,0.0
25,5-9,old_vaccine,0.0,2.0,0.0,0.0
25,5-9,new_vaccine,0.0,0.0,0.0,0.0
25,10-14,unvaccinated,0.0,1.0,0.0,0.0
25,10-14,old_vaccine,0.0,1.5,0.0,0.0
25,10-14,new_vaccine,0.0,0.0,0.0,0.0
25,15-19,unvaccinated,0.0,0.0,0.0,0.0
25,15-19,old_vaccine,0.0,1.0,0.0,0.0
25,15-19,new_vaccine,0.0,0.0,0.0,0.0
25,20-24,unvaccinated,0.0,1.0,0.0,0.0
25,20-24,old_vaccine,0.0,0.5,0.0,0.0
25,20-24,new_vaccine,0.0,0.0,0.0,0.0
25,25-29,unvaccinated,0.0,0.5,0.0,0.0
25,25-29,old_vaccine,0.0,2.0,0.0,0.0
25,25-29,new_vaccine,0.0,0.0,0.0,0.0
25,30-34,unvaccinated,0.5,0.0,0.0,0.0
25,30-34,old_vaccine,0.0,0.5,0.0,0.0
25,30-34,new_vaccine,0.0,0.0,0.0,0.0
25,35-39,unvaccinated,0.0,0.5,0.0,0.0
25,35-39,old_vaccine,0.0,1.0,0.0,0.0
25,35-39,new_vaccine,0.0,0.0,0.0,0.0
25,40-44,unvaccinated,0.0,1.0,0.0,0.0
25,40-44,old_vaccine,0.0,0.0,0.0,0.0
25,40-44,new_vaccine,0.0,0.0,0.0,0.0
25,45-49,unvaccinated,0.0,0.0,0.0,0.0
25,45-49,old_vaccine,0.0,1.5,0.0,0.0
25,45-49,new_vaccine,0.0,0.0,0.0,0.0
25,50-54,unvaccinated,0.0,0.0,0.0,0.0
25,50-54,old_vaccine,0.5,0.5,0.0,0.0
25,50-54,new_vaccine,0.0,0.0,0.0,0.0
25,55-59,unvaccinated,0.5,0.5,0.0,0.0
25,55-59,old_vaccine,0.5,1.0,0.0,0.0
25,55-59,new_vaccine,0.0,0.0,0.0,0.0
25,60-64,unvaccinated,0.0,0.0,0.0,0.0
25,60-64,old_vaccine,0.0,1.5,0.0,0.0
25,60-64,new_vaccine,0.0,0.0,0.0,0.0
25,65-69,unvaccinated,1.0,0.5,0.0,0.0
25,65-69,old_vaccine,1.0,0.5,0.0,0.0
25,65-69,new_vaccine,0.0,0.0,0.0,0.0
25,70-74,unvaccinated,0.0,0.0,0.0,0.0
25,70-74,old_vaccine,1.5,0.5,0.0,0.0
25,70-74,new_vaccine,0.0,0.0,0.0,0.0
25,75+,unvaccinated,0.0,0.5,0.0,0.0
25,75+,old_vaccine,1.5,1.0,0.0,0.0
25,75+,new_vaccine,0.0,0.0,0.0,0.0
26,0-4,unvaccinated,0.0,0.5,0.0,0.0
26,0-4,old_vaccine,0.5,2.5,0.0,0.0
26,0-4,new_vaccine,0.0,0.0,0.0,0.0
26,5-9,unvaccinated,0.0,0.5,0.0,0.0
26,5-9,old_vaccine,0.0,1.5,0.0,0.0
26,5-9,new_vaccine,0.0,0.0,0.0,0.0
26,10-14,unvaccinated,0.0,1.0,0.0,0.0
26,10-14,old_vaccine,0.0,1.5,0.0,0.0
26,10-14,new_vaccine,0.0,0.0,0.0,0.0
26,15-19,unvaccinated,0.0,0.5,0.0,0.0
26,15-19,old_vaccine,0.0,0.0,0.0,0.0
26,15-19,new_vaccine,0.0,0.0,0.0,0.0
26,20-24,unvaccinated,0.0,1.0,0.0,0.0
26,20-24,old_vaccine,0.0,0.5,0.0,0.0
26,20-24,new_vaccine,0.0,0.0,0.0,0.0
26,25-29,unvaccinated,0.0,1.0,0.0,0.0
26,25-29,old_vaccine,0.0,1.5,0.0,0.0
26,25-29,new_vaccine,0.0,0.0,0.0,0.0
26,30-34,unvaccinated,0.5,0.0,0.0,0.0
26,30-34,old_vaccine,0.5,0.5,0.0,0.0
26,30-34,new_vaccine,0.0,0.0,0.0,0.0
26,35-39,unvaccinated,0.0,0.5,0.0,0.0
26,35-39,old_vaccine,0.0,0.0,0.0,0.0
26,35-39,new_vaccine,0.0,0.0,0.0,0.0
26,40-44,unvaccinated,0.0,0.5,0.0,0.0
26,40-44,old_vaccine,0.0,0.5,0.0,0.0
26,40-44,new_vaccine,0.0,0.0,0.0,0.0
26,45-49,unvaccinated,0.0,0.0,0.0,0.0
26,45-49,old_vaccine,0.0,1.5,0.0,0.0
26,45-49,new_vaccine,0.0,0.0,0.0,0.0
26,50-54,unvaccinated,0.0,0.0,0.0,0.0
26,50-54,old_vaccine,0.5,0.0,0.0,0.0
26,50-54,new_vaccine,0.0,0.0,0.0,0.0
26,55-59,unvaccinated,0.0,0.5,0.0,0.0
26,55-59,old_vaccine,0.5,1.0,0.0,0.0
26,55-59,new_vaccine,0.0,0.0,0.0,0.0
26,60-64,unvaccinated,0.0,0.5,0.0,0.0
26,60-64,old_vaccine,0.5,1.5,0.0,0.0
26,60-64,new_vaccine,0.0,0.0,0.0,0.0
26,65-69,unvaccinated,1.0,0.5,0.0,0.0
26,65-69,old_vaccine,1.0,0.5,0.0,0.0
26,65-69,new_vaccine,0.0,0.0,0.0,0.0
26,70-74,unvaccinated,0.0,0.0,0.0,0.0
26,70-74,old_vaccine,1.0,0.5,0.0,0.0
26,70-74,new_vaccine,0.0,0.0,0.0,0.0
26,75+,unvaccinated,0.0,0.5,0.0,0.0
26,75+,old_vaccine,1.5,1.0,0.0,0.0
26,75+,new_vaccine,0.0,0.0,0.0,0.0
27,0-4,unvaccinated,0.0,0.5,0.0,0.0
27,0-4,old_vaccine,0.5,2.0,0.0,0.0
27,0-4,new_vaccine,0.0,0.0,0.0,0.0
27,5-9,unvaccinated,0.0,0.0,0.0,0.0
27,5-9,old_vaccine,0.0,1.5,0.0,0.0
27,5-9,new_vaccine,0.0,0.0,0.0,0.0
27,10-14,unvaccinated,0.0,0.5,0.0,0.0
27,10-14,old_vaccine,0.0,1.0,0.0,0.0
27,10-14,new_vaccine,0.0,0.0,0.0,0.0
27,15-19,unvaccinated,0.0,1.0,0.0,0.0
27,15-19,old_vaccine,0.0,0.5,0.0,0.0
27,15-19,new_vaccine,0.0,0.0,0.0,0.0
27,20-24,unvaccinated,0.0,1.5,0.0,0.0
27,20-24,old_vaccine,0.0,0.5,0.0,0.0
27,20-24,new_vaccine,0.0,0.0,0.0,0.0
27,25-29,unvaccinated,0.0,1.0,0.0,0.0
27,25-29,old_vaccine,0.5,2.0,0.0,0.0
27,25-29,new_vaccine,0.0,0.0,0.0,0.0
27,30-34,unvaccinated,0.5,0.0,0.0,0.0
27,30-34,old_vaccine,0.5,0.0,0.0,0.0
27,30-34,new_vaccine,0.0,0.0,0.0,0.0
27,35-39,unvaccinated,0.0,0.0,0.0,0.0
27,35-39,old_vaccine,0.0,0.0,0.0,0.0
27,35-39,new_vaccine,0.0,0.0,0.0,0.0
27,40-44,unvaccinated,0.0,0.5,0.0,0.0
27,40-44,old_vaccine,0.0,0.5,0.0,0.0
27,40-44,new_vaccine,0.0,0.0,0.0,0.0
27,45-49,unvaccinated,0.0,0.0,0.0,0.0
27,45-49,old_vaccine,0.0,0.5,0.0,0.0
27,45-49,new_vaccine,0.0,0.0,0.0,0.0
27,50-54,unvaccinated,0.0,0.0,0.0,0.0
27,50-54,old_vaccine,1.0,1.5,0.0,0.0
27,50-54,new_vaccine,0.0,0.0,0.0,0.0
27,55-59,unvaccinated,0.0,0.5,0.0,0.0
27,55-59,old_vaccine,0.5,1.5,0.0,0.0
27,55-59,new_vaccine,0.0,0.0,0.0,0.0
27,60-64,unvaccinated,0.0,0.5,0.0,0.0
27,60-64,old_vaccine,0.5,0.5,0.0,0.0
27,60-64,new_vaccine,0.0,0.0,0.0,0.0
27,65-69,unvaccinated,1.0,0.5,0.0,0.0
27,65-69,old_vaccine,0.5,0.5,0.0,0.0
27,65-69,new_vaccine,0.0,0.0,0.0,0.0
27,70-74,unvaccinated,0.0,0.0,0.0,0.0
27,70-74,old_vaccine,1.5,0.0,0.0,0.0
27,70-74,new_vaccine,0.0,0.0,0.0,0.0
27,75+,unvaccinated,0.5,0.5,0.0,0.0
27,75+,old_vaccine,1.5,1.5,0.0,0.0
27,75+,new_vaccine,0.0,0.0,0.0,0.0
28,0-4,unvaccinated,0.0,0.5,0.0,0.0
28,0-4,old_vaccine,0.5,2.0,0.0,0.0
28,0-4,new_vaccine,0.0,0.0,0.0,0.0
28,5-9,unvaccinated,0.0,0.0,0.0,0.0
28,5-9,old_vaccine,0.0,0.5,0.0,0.0
28,5-9,new_vaccine,0.0,0.0,0.0,0.0
28,10-14,unvaccinated,0.0,0.5,0.0,0.0
28,10-14,old_vaccine,0.0,1.0,0.0,0.0
28,10-14,new_vaccine,0.0,0.0,0.0,0.0
28,15-19,unvaccinated,0.0,1.0,0.0,0.0
28,15-19,old_vaccine,0.0,0.5,0.0,0.0
28,15-19,new_vaccine,0.0,0.0,0.0,0.0
28,20-24,unvaccinated,0.0,1.5,0.0,0.0
28,20-24,old_vaccine,0.0,1.0,0.0,0.0
28,20-24,new_vaccine,0.0,0.0,0.0,0.0
28,25-29,unvaccinated,0.0,1.0,0.0,0.0
28,25-29,old_vaccine,0.5,1.0,0.0,0.0
28,25-29,new_vaccine,0.0,0.0,0.0,0.0
28,30-34,unvaccinated,0.5,0.0,0.0,0.0
28,30-34,old_vaccine,0.5,0.5,0.0,0.0
28,30-34,new_vaccine,0.0,0.0,0.0,0.0
28,35-39,unvaccinated,0.0,0.0,0.0,0.0
28,35-39,old_vaccine,0.0,0.0,0.0,0.0
28,35-39,new_vaccine,0.0,0.0,0.0,0.0
28,40-44,unvaccinated,0.0,0.5,0.0,0.0
28,40-44,old_vaccine,0.0,1.0,0.0,0.0
28,40-44,new_vaccine,0.0,0.0,0.0,0.0
28,45-49,unvaccinated,0.0,0.0,0.0,0.0
28,45-49,old_vaccine,0.0,0.5,0.0,0.0
28,45-49,new_vaccine,0.0,0.0,0.0,0.0
28,50-54,unvaccinated,0.0,0.0,0.0,0.0
28,50-54,old_vaccine,1.0,2.0,0.0,0.0
28,50-54,new_vaccine,0.0,0.0,0.0,0.0
28,55-59,unvaccinated,0.0,1.0,0.0,0.0
28,55-59,old_vaccine,1.0,1.5,0.0,0.0
28,55-59,new_vaccine,0.0,0.0,0.0,0.0
28,60-64,unvaccinated,0.0,0.5,0.0,0.0
28,60-64,old_vaccine,0.5,0.5,0.0,0.0
28,60-64,new_vaccine,0.0,0.0,0.0,0.0
28,65-69,unvaccinated,1.0,0.5,0.0,0.0
28,65-69,old_vaccine,0.5,1.0,0.0,0.0
28,65-69,new_vaccine,0.0,0.0,0.0,0.0
28,70-74,unvaccinated,0.0,0.0,0.0,0.0
28,70-74,old_vaccine,0.5,0.0,0.0,0.0
28,70-74,new_vaccine,0.0,0.0,0.0,0.0
28,75+,unvaccinated,0.5,0.0,0.0,0.0
28,75+,old_vaccine,0.0,1.5,0.0,0.0
28,75+,new_vaccine,0.0,0.0,0.0,0.0
29,0-4,unvaccinated,0.0,0.0,0.0,0.0
29,0-4,old_vaccine,0.5,2.5,0.0,0.0
29,0-4,new_vaccine,0.0,0.0,0.0,0.0
29,5-9,unvaccinated,0.0,0.0,0.0,0.0
29,5-9,old_vaccine,0.0,1.0,0.0,0.0
29,5-9,new_vaccine,0.0,0.0,0.0,0.0
29,10-14,unvaccinated,0.0,0.5,0.0,0.0
29,10-14,old_vaccine,0.0,2.0,0.0,0.0
29,10-14,new_vaccine,0.0,0.0,0.0,0.0
29,15-19,unvaccinated,0.0,1.0,0.0,0.0
29,15-19,old_vaccine,0.0,0.5,0.0,0.0
29,15-19,new_vaccine,0.0,0.0,0.0,0.0
29,20-24,unvaccinated,0.0,1.0,0.0,0.0
29,20-24,old_vaccine,0.0,1.5,0.0,0.0
29,20-24,new_vaccine,0.0,0.0,0.0,0.0
29,25-29,unvaccinated,0.5,0.5,0.0,0.0
29,25-29,old_vaccine,0.0,1.0,0.0,0.0
29,25-29,new_vaccine,0.0,0.0,0.0,0.0
29,30-34,unvaccinated,0.0,0.0,0.0,0.0
29,30-34,old_vaccine,0.5,1.0,0.0,0.0
29,30-34,new_vaccine,0.0,0.0,0.0,0.0
29,35-39,unvaccinated,0.0,0.0,0.0,0.0
29,35-39,old_vaccine,0.0,0.5,0.0,0.0
29,35-39,new_vaccine,0.0,0.0,0.0,0.0
29,40-44,unvaccinated,0.0,0.0,0.0,0.0
29,40-44,old_vaccine,0.0,2.0,0.0,0.0
29,40-44,new_vaccine,0.0,0.0,0.0,0.0
29,45-49,unvaccinated,0.0,0.0,0.0,0.0
29,45-49,old_vaccine,0.0,1.0,0.0,0.0
29,45-49,new_vaccine,0.0,0.0,0.0,0.0
29,50-54,unvaccinated,0.0,0.0,0.0,0.0
29,50-54,old_vaccine,1.0,1.5,0.0,0.0
29,50-54,new_vaccine,0.0,0.0,0.0,0.0
29,55-59,unvaccinated,0.0,1.0,0.0,0.0
29,55-59,old_vaccine,0.0,1.5,0.0,0.0
29,55-59,new_vaccine,0.0,0.0,0.0,0.0
29,60-64,unvaccinated,0.0,0.5,0.0,0.0
29,60-64,old_vaccine,0.5,0.5,0.0,0.0
29,60-64,new_vaccine,0.0,0.0,0.0,0.0
29,65-69,unvaccinated,0.5,0.5,0.0,0.0
29,65-69,old_vaccine,0.0,0.5,0.0,0.0
29,65-69,new_vaccine,0.0,0.0,0.0,0.0
29,70-74,unvaccinated,0.0,0.0,0.0,0.0
29,70-74,old_vaccine,0.5,0.0,0.0,0.0
29,70-74,new_vaccine,0.0,0.0,0.0,0.0
29,75+,unvaccinated,0.5,0.0,0.0,0.0
29,75+,old_vaccine,0.5,0.5,0.0,0.0
29,75+,new_vaccine,0.0,0.0,0.0,0.0
30,0-4,unvaccinated,0.0,0.0,0.0,0.0
30,0-4,old_vaccine,0.5,2.5,0.0,0.0
30,0-4,new_vaccine,0.0,0.0,0.0,0.0
30,5-9,unvaccinated,0.0,0.0,0.0,0.0
30,5-9,old_vaccine,0.0,1.5,0.0,0.0
30,5-9,new_vaccine,0.0,0.0,0.0,0.0
30,10-14,unvaccinated,0.0,0.5,0.0,0.0
30,10-14,old_vaccine,0.0,1.5,0.0,0.0
30,10-14,new_vaccine,0.0,0.0,0.0,0.0
30,15-19,unvaccinated,0.0,1.0,0.0,0.0
30,15-19,old_vaccine,0.0,1.0,0.0,0.0
30,15-19,new_vaccine,0.0,0.0,0.0,0.0
30,20-24,unvaccinated,0.0,0.5,0.0,0.0
30,20-24,old_vaccine,0.0,2.0,0.0,0.0
30,20-24,new_vaccine,0.0,0.0,0.0,0.0
30,25-29,unvaccinated,0.5,0.5,0.0,0.0
30,25-29,old_vaccine,0.0,0.0,0.0,0.0
30,25-29,new_vaccine,0.0,0.0,0.0,0.0
30,30-34,unvaccinated,0.0,0.0,0.0,0.0
30,30-34,old_vaccine,0.5,1.0,0.0,0.0
30,30-34,new_vaccine,0.0,0.0,0.0,0.0
30,35-39,unvaccinated,0.0,0.5,0.0,0.0
30,35-39,old_vaccine,0.0,1.0,0.0,0.0
30,35-39,new_vaccine,0.0,0.0,0.0,0.0
30,40-44,unvaccinated,0.0,0.0,0.0,0.0
30,40-44,old_vaccine,0.0,2.0,0.0,0.0
30,40-44,new_vaccine,0.0,0.0,0.0,0.0
30,45-49,unvaccinated,0.0,0.0,0.0,0.0
30,45-49,old_vaccine,0.0,1.0,0.0,0.0
30,45-49,new_vaccine,0.0,0.0,0.0,0.0
30,50-54,unvaccinated,0.0,0.0,0.0,0.0
30,50-54,old_vaccine,1.0,1.5,0.0,0.0
30,50-54,new_vaccine,0.0,0.0,0.0,0.0
30,55-59,unvaccinated,0.0,1.0,0.0,0.0
30,55-59,old_vaccine,0.0,0.5,0.0,0.0
30,55-59,new_vaccine,0.0,0.0,0.0,0.0
30,60-64,unvaccinated,0.0,0.5,0.0,0.0
30,60-64,old_vaccine,0.5,0.5,0.0,0.0
30,60-64,new_vaccine,0.0,0.0,0.0,0.0
30,65-69,unvaccinated,1.0,0.5,0.0,0.0
30,65-69,old_vaccine,0.0,0.5,0.0,0.0
30,65-69,new_vaccine,0.0,0.0,0.0,0.0
30,70-74,unvaccinated,0.0,0.0,0.0,0.0
30,70-74,old_vaccine,0.0,0.0,0.0,0.0
30,70-74,new_vaccine,0.0,0.0,0.0,0.0
30,75+,unvaccinated,0.0,0.0,0.0,0.0
30,75+,old_vaccine,0.5,0.5,0.0,0.0
30,75+,new_vaccine,0.0,0.0,0.0,0.0
31,0-4,unvaccinated,0.0,0.0,0.0,0.0
31,0-4,old_vaccine,0.5,3.0,0.0,0.0
31,0-4,new_vaccine,0.0,0.0,0.0,0.0
31,5-9,unvaccinated,0.0,0.0,0.0,0.0
31,5-9,old_vaccine,0.0,1.5,0.0,0.0
31,5-9,new_vaccine,0.0,0.0,0.0,0.0
31,10-14,unvaccinated,0.0,0.5,0.0,0.0
31,10-14,old_vaccine,0.0,1.5,0.0,0.0
31,10-14,new_vaccine,0.0,0.0,0.0,0.0
31,15-19,unvaccinated,0.0,0.5,0.0,0.0
31,15-19,old_vaccine,0.0,1.0,0.0,0.0
31,15-19,new_vaccine,0.0,0.0,0.0,0.0
31,20-24,unvaccinated,0.0,0.5,0.0,0.0
31,20-24,old_vaccine,0.0,1.5,0.0,0.0
31,20-24,new_vaccine,0.0,0.0,0.0,0.0
31,25-29,unvaccinated,0.5,0.5,0.0,0.0
31,25-29,old_vaccine,0.0,0.5,0.0,0.0
31,25-29,new_vaccine,0.0,0.0,0.0,0.0
31,30-34,unvaccinated,0.5,0.5,0.0,0.0
31,30-34,old_vaccine,1.0,2.0,0.0,0.0
31,30-34,new_vaccine,0.0,0.0,0.0,0.0
31,35-39,unvaccinated,0.0,0.5,0.0,0.0
31,35-39,old_vaccine,0.0,1.5,0.0,0.0
31,35-39,new_vaccine,0.0,0.0,0.0,0.0
31,40-44,unvaccinated,0.0,0.5,0.0,0.0
31,40-44,old_vaccine,0.0,2.0,0.0,0.0
31,40-44,new_vaccine,0.0,0.0,0.0,0.0
31,45-49,unvaccinated,0.0,0.0,0.0,0.0
31,45-49,old_vaccine,0.0,1.0,0.0,0.0
31,45-49,new_vaccine,0.0,0.0,0.0,0.0
31,50-54,unvaccinated,0.0,0.0,0.0,0.0
31,50-54,old_vaccine,1.0,3.0,0.0,0.0
31,50-54,new_vaccine,0.0,0.0,0.0,0.0
31,55-59,unvaccinated,0.0,0.5,0.0,0.0
31,55-59,old_vaccine,0.0,0.5,0.0,0.0
31,55-59,new_vaccine,0.0,0.0,0.0,0.0
31,60-64,unvaccinated,0.0,0.5,0.0,0.0
31,60-64,old_vaccine,0.5,0.5,0.0,0.0
31,60-64,new_vaccine,0.0,0.0,0.0,0.0
31,65-69,unvaccinated,1.0,0.5,0.0,0.0
31,65-69,old_vaccine,0.0,0.5,0.0,0.0
31,65-69,new_vaccine,0.0,0.0,0.0,0.0
31,70-74,unvaccinated,0.0,0.0,0.0,0.0
31,70-74,old_vaccine,0.0,0.5,0.0,0.0
31,70-74,new_vaccine,0.0,0.0,0.0,0.0
31,75+,unvaccinated,0.0,0.0,0.0,0.0
31,75+,old_vaccine,0.5,0.5,0.0,0.0
31,75+,new_vaccine,0.0,0.0,0.0,0.0
32,0-4,unvaccinated,0.0,0.0,0.0,0.0
32,0-4,old_vaccine,0.5,1.5,0.0,0.0
32,0-4,new_vaccine,0.0,0.0,0.0,0.0
32,5-9,unvaccinated,0.0,0.0,0.0,0.0
32,5-9,old_vaccine,0.0,1.0,0.0,0.0
32,5-9,new_vaccine,0.0,0.0,0.0,0.0
32,10-14,unvaccinated,0.0,0.0,0.0,0.0
32,10-14,old_vaccine,0.0,1.5,0.0,0.0
32,10-14,new_vaccine,0.0,0.0,0.0,0.0
32,15-19,unvaccinated,0.0,0.5,0.0,0.0
32,15-19,old_vaccine,0.0,3.0,0.0,0.0
32,15-19,new_vaccine,0.0,0.0,0.0,0.0
32,20-24,unvaccinated,0.0,0.0,0.0,0.0
32,20-24,old_vaccine,0.0,2.0,0.0,0.0
32,20-24,new_vaccine,0.0,0.0,0.0,0.0
32,25-29,unvaccinated,0.5,0.0,0.0,0.0
32,25-29,old_vaccine,0.0,0.5,0.0,0.0
32,25-29,new_vaccine,0.0,0.0,0.0,0.0
32,30-34,unvaccinated,0.5,0.5,0.0,0.0
32,30-34,old_vaccine,1.0,2.0,0.0,0.0
32,30-34,new_vaccine,0.0,0.0,0.0,0.0
32,35-39,unvaccinated,0.0,0.5,0.0,0.0
32,35-39,old_vaccine,0.5,0.5,0.0,0.0
32,35-39,new_vaccine,0.0,0.0,0.0,0.0
32,40-44,unvaccinated,0.0,0.5,0.0,0.0
32,40-44,old_vaccine,0.0,1.5,0.0,0.0
32,40-44,new_vaccine,0.0,0.0,0.0,0.0
32,45-49,unvaccinated,0.0,0.5,0.0,0.0
32,45-49,old_vaccine,0.0,1.5,0.0,0.0
32,45-49,new_vaccine,0.0,0.0,0.0,0.0
32,50-54,unvaccinated,0.0,0.0,0.0,0.0
32,50-54,old_vaccine,1.0,3.0,0.0,0.0
32,50-54,new_vaccine,0.0,0.0,0.0,0.0
32,55-59,unvaccinated,0.0,1.0,0.0,0.0
32,55-59,old_vaccine,0.0,0.0,0.0,0.0
32,55-59,new_vaccine,0.0,0.0,0.0,0.0
32,60-64,unvaccinated,0.0,0.5,0.0,0.0
32,60-64,old_vaccine,0.5,1.0,0.0,0.0
32,60-64,new_vaccine,0.0,0.0,0.0,0.0
32,65-69,unvaccinated,1.0,0.5,0.5,0.0
32,65-69,old_vaccine,0.0,1.0,0.0,0.0
32,65-69,new_vaccine,0.0,0.0,0.0,0.0
32,70-74,unvaccinated,0.0,0.0,0.0,0.0
32,70-74,old_vaccine,0.0,0.5,0.0,0.0
32,70-74,new_vaccine,0.0,0.0,0.0,0.0
32,75+,unvaccinated,0.0,0.0,0.0,0.0
32,75+,old_vaccine,0.5,0.0,0.0,0.0
32,75+,new_vaccine,0.0,0.0,0.0,0.0
33,0-4,unvaccinated,0.0,0.5,0.0,0.0
33,0-4,old_vaccine,0.5,1.5,0.0,0.0
33,0-4,new_vaccine,0.0,0.0,0.0,0.0
33,5-9,unvaccinated,0.0,0.5,0.0,0.0
33,5-9,old_vaccine,0.0,1.5,0.0,0.0
33,5-9,new_vaccine,0.0,0.0,0.0,0.0
33,10-14,unvaccinated,0.0,0.0,0.0,0.0
33,10-14,old_vaccine,0.0,2.0,0.0,0.0
33,10-14,new_vaccine,0.0,0.0,0.0,0.0
33,15-19,unvaccinated,0.0,0.0,0.0,0.0
33,15-19,old_vaccine,0.0,2.0,0.0,0.0
33,15-19,new_vaccine,0.0,0.0,0.0,0.0
33,20-24,unvaccinated,0.0,0.5,0.0,0.0
33,20-24,old_vaccine,0.0,2.0,0.0,0.0
33,20-24,new_vaccine,0.0,0.0,0.0,0.0
33,25-29,unvaccinated,0.5,0.0,0.0,0.0
33,25-29,old_vaccine,0.0,1.0,0.0,0.0
33,25-29,new_vaccine,0.0,0.0,0.0,0.0
33,30-34,unvaccinated,0.5,0.5,0.0,0.0
33,30-34,old_vaccine,1.0,2.5,0.0,0.0
33,30-34,new_vaccine,0.0,0.0,0.0,0.0
33,35-39,unvaccinated,0.0,0.0,0.0,0.0
33,35-39,old_vaccine,0.0,1.0,0.0,0.0
33,35-39,new_vaccine,0.0,0.0,0.0,0.0
33,40-44,unvaccinated,0.0,0.5,0.0,0.0
33,40-44,old_vaccine,0.0,1.5,0.0,0.0
33,40-44,new_vaccine,0.0,0.0,0.0,0.0
33,45-49,unvaccinated,0.0,0.5,0.0,0.0
33,45-49,old_vaccine,0.0,1.5,0.0,0.0
33,45-49,new_vaccine,0.0,0.0,0.0,0.0
33,50-54,unvaccinated,0.0,0.0,0.0,0.0
33,50-54,old_vaccine,1.0,2.0,0.0,0.0
33,50-54,new_vaccine,0.0,0.0,0.0,0.0
33,55-59,unvaccinated,0.0,1.0,0.0,0.0
33,55-59,old_vaccine,0.5,0.5,0.0,0.0
33,55-59,new_vaccine,0.0,0.0,0.0,0.0
33,60-64,unvaccinated,0.0,0.5,0.0,0.0
33,60-64,old_vaccine,0.5,1.0,0.0,0.0
33,60-64,new_vaccine,0.0,0.0,0.0,0.0
33,65-69,unvaccinated,1.0,0.5,0.5,0.0
33,65-69,old_vaccine,0.0,1.0,0.0,0.0
33,65-69,new_vaccine,0.0,0.0,0.0,0.0
33,70-74,unvaccinated,0.0,0.0,0.0,0.0
33,70-74,old_vaccine,0.5,0.0,0.0,0.0
33,70-74,new_vaccine,0.0,0.0,0.0,0.0
33,75+,unvaccinated,0.0,0.0,0.0,0.0
33,75+,old_vaccine,0.5,0.5,0.0,0.0
33,75+,new_vaccine,0.0,0.0,0.0,0.0
34,0-4,unvaccinated,0.0,0.5,0.0,0.0
34,0-4,old_vaccine,0.5,1.0,0.0,0.0
34,0-4,new_vaccine,0.0,0.0,0.0,0.0
34,5-9,unvaccinated,0.0,0.0,0.0,0.0
34,5-9,old_vaccine,0.0,1.5,0.0,0.0
34,5-9,new_vaccine,0.0,0.0,0.0,0.0
34,10-14,unvaccinated,0.0,0.0,0.0,0.0
34,10-14,old_vaccine,0.0,2.0,0.0,0.0
34,10-14,new_vaccine,0.0,0.0,0.0,0.0
34,15-19,unvaccinated,0.0,0.0,0.0,0.0
34,15-19,old_vaccine,0.0,2.0,0.0,0.0
34,15-19,new_vaccine,0.0,0.0,0.0,0.0
34,20-24,unvaccinated,0.0,0.5,0.0,0.0
34,20-24,old_vaccine,0.0,1.0,0.0,0.0
34,20-24,new_vaccine,0.0,0.0,0.0,0.0
34,25-29,unvaccinated,0.5,0.5,0.0,0.0
34,25-29,old_vaccine,0.0,1.0,0.0,0.0
34,25-29,new_vaccine,0.0,0.0,0.0,0.0
34,30-34,unvaccinated,0.5,0.5,0.0,0.0
34,30-34,old_vaccine,0.5,2.5,0.0,0.0
34,30-34,new_vaccine,0.0,0.0,0.0,0.0
34,35-39,unvaccinated,0.0,0.5,0.0,0.0
34,35-39,old_vaccine,0.0,1.0,0.0,0.0
34,35-39,new_vaccine,0.0,0.0,0.0,0.0
34,40-44,unvaccinated,0.0,0.5,0.0,0.0
34,40-44,old_vaccine,0.0,1.5,0.0,0.0
34,40-44,new_vaccine,0.0,0.0,0.0,0.0
34,45-49,unvaccinated,0.0,0.5,0.0,0.0
34,45-49,old_vaccine,0.0,1.5,0.0,0.0
34,45-49,new_vaccine,0.0,0.0,0.0,0.0
34,50-54,unvaccinated,0.0,0.0,0.0,0.0
34,50-54,old_vaccine,1.5,1.5,0.0,0.0
34,50-54,new_vaccine,0.0,0.0,0.0,0.0
34,55-59,unvaccinated,0.0,0.5,0.0,0.0
34,55-59,old_vaccine,0.5,1.0,0.0,0.0
34,55-59,new_vaccine,0.0,0.0,0.0,0.0
34,60-64,unvaccinated,0.0,0.5,0.0,0.0
34,60-64,old_vaccine,1.0,1.0,0.0,0.0
34,60-64,new_vaccine,0.0,0.0,0.0,0.0
34,65-69,unvaccinated,0.5,0.5,0.5,0.0
34,65-69,old_vaccine,0.0,1.5,0.0,0.0
34,65-69,new_vaccine,0.0,0.0,0.0,0.0
34,70-74,unvaccinated,0.0,0.0,0.0,0.0
34,70-74,old_vaccine,1.0,0.5,0.0,0.0
34,70-74,new_vaccine,0.0,0.0,0.0,0.0
34,75+,unvaccinated,0.5,0.0,0.0,0.0
34,75+,old_vaccine,0.0,1.0,0.0,0.0
34,75+,new_vaccine,0.0,0.0,0.0,0.0
35,0-4,unvaccinated,0.0,0.5,0.0,0.0
35,0-4,old_vaccine,0.5,1.5,0.0,0.0
35,0-4,new_vaccine,0.0,0.0,0.0,0.0
35,5-9,unvaccinated,0.0,0.0,0.0,0.0
35,5-9,old_vaccine,0.0,1.5,0.0,0.0
35,5-9,new_vaccine,0.0,0.0,0.0,0.0
35,10-14,unvaccinated,0.0,0.5,0.0,0.0
35,10-14,old_vaccine,0.0,2.5,0.0,0.0
35,10-14,new_vaccine,0.0,0.0,0.0,0.0
35,15-19,unvaccinated,0.0,0.0,0.0,0.0
35,15-19,old_vaccine,0.0,2.0,0.0,0.0
35,15-19,new_vaccine,0.0,0.0,0.0,0.0
35,20-24,unvaccinated,0.0,0.5,0.0,0.0
35,20-24,old_vaccine,0.0,1.0,0.0,0.0
35,20-24,new_vaccine,0.0,0.0,0.0,0.0
35,25-29,unvaccinated,0.5,0.5,0.0,0.0
35,25-29,old_vaccine,0.0,1.5,0.0,0.0
35,25-29,new_vaccine,0.0,0.0,0.0,0.0
35,30-34,unvaccinated,0.5,0.5,0.0,0.0
35,30-34,old_vaccine,0.5,2.0,0.0,0.0
35,30-34,new_vaccine,0.0,0.0,0.0,0.0
35,35-39,unvaccinated,0.0,0.0,0.0,0.0
35,35-39,old_vaccine,0.0,1.0,0.0,0.0
35,35-39,new_vaccine,0.0,0.0,0.0,0.0
35,40-44,unvaccinated,0.0,0.5,0.0,0.0
35,40-44,old_vaccine,0.0,1.0,0.0,0.0
35,40-44,new_vaccine,0.0,0.0,0.0,0.0
35,45-49,unvaccinated,0.0,0.5,0.0,0.0
35,45-49,old_vaccine,0.0,1.5,0.0,0.0
35,45-49,new_vaccine,0.0,0.0,0.0,0.0
35,50-54,unvaccinated,0.0,0.0,0.0,0.0
35,50-54,old_vaccine,1.5,1.0,0.0,0.0
35,50-54,new_vaccine,0.0,0.0,0.0,0.0
35,55-59,unvaccinated,0.0,0.5,0.0,0.0
35,55-59,old_vaccine,0.5,1.0,0.0,0.0
35,55-59,new_vaccine,0.0,0.0,0.0,0.0
35,60-64,unvaccinated,0.0,0.0,0.0,0.0
35,60-64,old_vaccine,1.0,1.5,0.0,0.0
35,60-64,new_vaccine,0.0,0.0,0.0,0.0
35,65-69,unvaccinated,0.5,0.5,0.5,0.0
35,65-69,old_vaccine,0.0,1.0,0.0,0.0
35,65-69,new_vaccine,0.0,0.0,0.0,0.0
35,70-74,unvaccinated,0.0,0.0,0.0,0.0
35,70-74,old_vaccine,1.0,0.5,0.0,0.0
35,70-74,new_vaccine,0.0,0.0,0.0,0.0
35,75+,unvaccinated,0.5,0.0,0.0,0.0
35,75+,old_vaccine,1.0,1.5,0.0,0.0
35,75+,new_vaccine,0.0,0.0,0.0,0.0
36,0-4,unvaccinated,0.0,1.0,0.0,0.0
36,0-4,old_vaccine,0.0,0.5,0.0,0.0
36,0-4,new_vaccine,0.0,0.0,0.0,0.0
36,5-9,unvaccinated,0.0,0.0,0.0,0.0
36,5-9,old_vaccine,0.0,1.0,0.0,0.0
36,5-9,new_vaccine,0.0,0.0,0.0,0.0
36,10-14,unvaccinated,0.0,0.0,0.0,0.0
36,10-14,old_vaccine,0.0,2.5,0.0,0.0
36,10-14,new_vaccine,0.0,0.0,0.0,0.0
36,15-19,unvaccinated,0.0,0.0,0.0,0.0
36,15-19,old_vaccine,0.0,2.0,0.0,0.0
36,15-19,new_vaccine,0.0,0.0,0.0,0.0
36,20-24,unvaccinated,0.0,1.0,0.0,0.0
36,20-24,old_vaccine,0.0,0.5,0.0,0.0
36,20-24,new_vaccine,0.0,0.0,0.0,0.0
36,25-29,unvaccinated,0.5,0.5,0.0,0.0
36,25-29,old_vaccine,0.0,1.5,0.0,0.0
36,25-29,new_vaccine,0.0,0.0,0.0,0.0
36,30-34,unvaccinated,0.5,0.5,0.0,0.0
36,30-34,old_vaccine,0.5,1.5,0.0,0.0
36,30-34,new_vaccine,0.0,0.0,0.0,0.0
36,35-39,unvaccinated,0.0,0.0,0.0,0.0
36,35-39,old_vaccine,0.5,0.0,0.0,0.0
36,35-39,new_vaccine,0.0,0.0,0.0,0.0
36,40-44,unvaccinated,0.0,1.0,0.0,0.0
36,40-44,old_vaccine,0.0,1.5,0.0,0.0
36,40-44,new_vaccine,0.0,0.0,0.0,0.0
36,45-49,unvaccinated,0.0,0.5,0.0,0.0
36,45-49,old_vaccine,0.0,1.5,0.0,0.0
36,45-49,new_vaccine,0.0,0.0,0.0,0.0
36,50-54,unvaccinated,0.0,0.0,0.0,0.0
36,50-54,old_vaccine,1.5,1.0,0.0,0.0
36,50-54,new_vaccine,0.0,0.0,0.0,0.0
36,55-59,unvaccinated,0.0,0.5,0.0,0.0
36,55-59,old_vaccine,0.0,1.0,0.0,0.0
36,55-59,new_vaccine,0.0,0.0,0.0,0.0
36,60-64,unvaccinated,0.0,0.0,0.0,0.0
36,60-64,old_vaccine,0.5,1.5,0.0,0.0
36,60-64,new_vaccine,0.0,0.0,0.0,0.0
36,65-69,unvaccinated,0.5,0.5,0.5,0.0
36,65-69,old_vaccine,0.0,0.5,0.0,0.0
36,65-69,new_vaccine,0.0,0.0,0.0,0.0
36,70-74,unvaccinated,0.0,0.0,0.0,0.0
36,70-74,old_vaccine,1.0,0.5,0.0,0.0
36,70-74,new_vaccine,0.0,0.0,0.0,0.0
36,75+,unvaccinated,0.5,0.5,0.0,0.0
36,75+,old_vaccine,1.0,1.5,0.0,0.0
36,75+,new_vaccine,0.0,0.0,0.0,0.0
37,0-4,unvaccinated,0.0,1.0,0.0,0.0
37,0-4,old_vaccine,0.0,1.0,0.0,0.0
37,0-4,new_vaccine,0.0,0.0,0.0,0.0
37,5-9,unvaccinated,0.0,0.0,0.0,0.0
37,5-9,old_vaccine,0.0,0.0,0.0,0.0
37,5-9,new_vaccine,0.0,0.0,0.0,0.0
37,10-14,unvaccinated,0.0,0.0,0.0,0.0
37,10-14,old_vaccine,0.0,2.0,0.0,0.0
37,10-14,new_vaccine,0.0,0.0,0.0,0.0
37,15-19,unvaccinated,0.0,0.0,0.0,0.0
37,15-19,old_vaccine,0.0,1.0,0.0,0.0
37,15-19,new_vaccine,0.0,0.0,0.0,0.0
37,20-24,unvaccinated,0.5,1.5,0.0,0.0
37,20-24,old_vaccine,0.0,0.5,0.0,0.0
37,20-24,new_vaccine,0.0,0.0,0.0,0.0
37,25-29,unvaccinated,0.0,0.5,0.0,0.0
37,25-29,old_vaccine,0.5,2.0,0.0,0.0
37,25-29,new_vaccine,0.0,0.0,0.0,0.0
37,30-34,unvaccinated,0.5,0.0,0.0,0.0
37,30-34,old_vaccine,0.5,1.0,0.0,0.0
37,30-34,new_vaccine,0.0,0.0,0.0,0.0
37,35-39,unvaccinated,0.0,0.5,0.0,0.0
37,35-39,old_vaccine,0.5,0.0,0.0,0.0
37,35-39,new_vaccine,0.0,0.0,0.0,0.0
37,40-44,unvaccinated,0.0,1.0,0.0,0.0
37,40-44,old_vaccine,0.0,1.5,0.0,0.0
37,40-44,new_vaccine,0.0,0.0,0.0,0.0
37,45-49,unvaccinated,0.0,0.5,0.0,0.0
37,45-49,old_vaccine,0.0,0.5,0.0,0.0
37,45-49,new_vaccine,0.0,0.0,0.0,0.0
37,50-54,unvaccinated,0.0,0.0,0.0,0.0
37,50-54,old_vaccine,1.0,1.0,0.0,0.0
37,50-54,new_vaccine,0.0,0.0,0.0,0.0
37,55-59,unvaccinated,0.0,0.0,0.0,0.0
37,55-59,old_vaccine,0.5,1.0,0.0,0.0
37,55-59,new_vaccine,0.0,0.0,0.0,0.0
37,60-64,unvaccinated,0.0,0.0,0.0,0.0
37,60-64,old_vaccine,0.0,2.5,0.0,0.0
37,60-64,new_vaccine,0.0,0.0,0.0,0.0
37,65-69,unvaccinated,0.0,0.5,0.5,0.0
37,65-69,old_vaccine,0.0,1.0,0.0,0.0
37,65-69,new_vaccine,0.0,0.0,0.0,0.0
37,70-74,unvaccinated,0.0,0.0,0.0,0.0
37,70-74,old_vaccine,1.0,0.5,0.0,0.0
37,70-74,new_vaccine,0.0,0.0,0.0,0.0
37,75+,unvaccinated,0.5,0.5,0.0,0.0
37,75+,old_vaccine,1.5,1.5,0.0,0.0
37,75+,new_vaccine,0.0,0.0,0.0,0.0
38,0-4,unvaccinated,0.0,1.0,0.0,0.0
38,0-4,old_vaccine,0.0,1.5,0.0,0.0
38,0-4,new_vaccine,0.0,0.0,0.0,0.0
38,5-9,unvaccinated,0.0,0.5,0.0,0.0
38,5-9,old_vaccine,0.0,1.5,0.0,0.0
38,5-9,new_vaccine,0.0,0.0,0.0,0.0
38,10-14,unvaccinated,0.0,1.0,0.0,0.0
38,10-14,old_vaccine,0.0,1.5,0.0,0.0
38,10-14,new_vaccine,0.0,0.0,0.0,0.0
38,15-19,unvaccinated,0.0,0.0,0.0,0.0
38,15-19,old_vaccine,0.0,0.0,0.0,0.0
38,15-19,new_vaccine,0.0,0.0,0.0,0.0
38,20-24,unvaccinated,0.5,1.5,0.0,0.0
38,20-24,old_vaccine,0.0,0.5,0.0,0.0
38,20-24,new_vaccine,0.0,0.0,0.0,0.0
38,25-29,unvaccinated,0.0,0.5,0.0,0.0
38,25-29,old_vaccine,0.5,1.0,0.0,0.0
38,25-29,new_vaccine,0.0,0.0,0.0,0.0
38,30-34,unvaccinated,0.5,0.0,0.0,0.0
38,30-34,old_vaccine,0.0,0.5,0.0,0.0
38,30-34,new_vaccine,0.0,0.0,0.0,0.0
38,35-39,unvaccinated,0.0,0.5,0.0,0.0
38,35-39,old_vaccine,0.0,0.5,0.0,0.0
38,35-39,new_vaccine,0.0,0.0,0.0,0.0
38,40-44,unvaccinated,0.0,1.0,0.0,0.0
38,40-44,old_vaccine,0.0,1.5,0.0,0.0
38,40-44,new_vaccine,0.0,0.0,0.0,0.0
38,45-49,unvaccinated,0.0,0.5,0.0,0.0
38,45-49,old_vaccine,0.0,0.0,0.0,0.0
38,45-49,new_vaccine,0.0,0.0,0.0,0.0
38,50-54,unvaccinated,0.0,0.0,0.0,0.0
38,50-54,old_vaccine,1.0,1.0,0.0,0.0
38,50-54,new_vaccine,0.0,0.0,0.0,0.0
38,55-59,unvaccinated,0.0,0.0,0.0,0.0
38,55-59,old_vaccine,0.5,1.0,0.0,0.0
38,55-59,new_vaccine,0.0,0.0,0.0,0.0
38,60-64,unvaccinated,0.0,0.0,0.0,0.0
38,60-64,old_vaccine,0.0,2.0,0.0,0.0
38,60-64,new_vaccine,0.0,0.0,0.0,0.0
38,65-69,unvaccinated,0.5,0.5,0.0,0.0
38,65-69,old_vaccine,0.0,0.0,0.0,0.0
38,65-69,new_vaccine,0.0,0.0,0.0,0.0
38,70-74,unvaccinated,0.0,0.0,0.0,0.0
38,70-74,old_vaccine,1.0,0.5,0.0,0.0
38,70-74,new_vaccine,0.0,0.0,0.0,0.0
38,75+,unvaccinated,0.5,0.5,0.0,0.0
38,75+,old_vaccine,1.5,1.0,0.0,0.0
38,75+,new_vaccine,0.0,0.0,0.0,0.0
39,0-4,unvaccinated,0.0,1.0,0.0,0.0
39,0-4,old_vaccine,0.0,1.5,0.0,0.0
39,0-4,new_vaccine,0.0,0.0,0.0,0.0
39,5-9,unvaccinated,0.0,0.5,0.0,0.0
39,5-9,old_vaccine,0.0,1.5,0.0,0.0
39,5-9,new_vaccine,0.0,0.0,0.0,0.0
39,10-14,unvaccinated,0.0,1.0,0.0,0.0
39,10-14,old_vaccine,0.0,1.0,0.0,0.0
39,10-14,new_vaccine,0.0,0.0,0.0,0.0
39,15-19,unvaccinated,0.0,0.5,0.0,0.0
39,15-19,old_vaccine,0.0,0.5,0.0,0.0
39,15-19,new_vaccine,0.0,0.0,0.0,0.0
39,20-24,unvaccinated,0.5,1.5,0.0,0.0
39,20-24,old_vaccine,0.0,0.0,0.0,0.0
39,20-24,new_vaccine,0.0,0.0,0.0,0.0
39,25-29,unvaccinated,0.0,0.0,0.0,0.0
39,25-29,old_vaccine,0.5,1.5,0.0,0.0
39,25-29,new_vaccine,0.0,0.0,0.0,0.0
39,30-34,unvaccinated,0.0,0.0,0.0,0.0
39,30-34,old_vaccine,0.0,1.0,0.0,0.0
39,30-34,new_vaccine,0.0,0.0,0.0,0.0
39,35-39,unvaccinated,0.0,0.5,0.0,0.0
39,35-39,old_vaccine,0.0,0.0,0.0,0.0
39,35-39,new_vaccine,0.0,0.0,0.0,0.0
39,40-44,unvaccinated,0.0,1.0,0.0,0.0
39,40-44,old_vaccine,0.0,0.5,0.0,0.0
39,40-44,new_vaccine,0.0,0.0,0.0,0.0
39,45-49,unvaccinated,0.0,0.0,0.0,0.0
39,45-49,old_vaccine,0.0,0.5,0.0,0.0
39,45-49,new_vaccine,0.0,0.0,0.0,0.0
39,50-54,unvaccinated,0.0,0.0,0.0,0.0
39,50-54,old_vaccine,1.0,0.0,0.0,0.0
39,50-54,new_vaccine,0.0,0.0,0.0,0.0
39,55-59,unvaccinated,0.0,0.5,0.0,0.0
39,55-59,old_vaccine,1.0,1.0,0.0,0.0
39,55-59,new_vaccine,0.0,0.0,0.0,0.0
39,60-64,unvaccinated,0.0,0.0,0.0,0.0
39,60-64,old_vaccine,0.0,1.5,0.0,0.0
39,60-64,new_vaccine,0.0,0.0,0.0,0.0
39,65-69,unvaccinated,0.5,0.5,0.0,0.0
39,65-69,old_vaccine,0.0,0.0,0.0,0.0
39,65-69,new_vaccine,0.0,0.0,0.0,0.0
39,70-74,unvaccinated,0.0,0.0,0.0,0.0
39,70-74,old_vaccine,1.0,0.5,0.0,0.0
39,70-74,new_vaccine,0.0,0.0,0.0,0.0
39,75+,unvaccinated,0.5,0.5,0.0,0.0
39,75+,old_vaccine,1.0,0.5,0.0,0.0
39,75+,new_vaccine,0.0,0.0,0.0,0.0
40,0-4,unvaccinated,0.0,1.5,0.0,0.0
40,0-4,old_vaccine,0.0,2.0,0.0,0.0
40,0-4,new_vaccine,0.0,0.0,0.0,0.0
40,5-9,unvaccinated,0.0,0.0,0.0,0.0
40,5-9,old_vaccine,0.0,1.0,0.0,0.0
40,5-9,new_vaccine,0.0,0.0,0.0,0.0
40,10-14,unvaccinated,0.0,1.0,0.0,0.0
40,10-14,old_vaccine,0.0,1.0,0.0,0.0
40,10-14,new_vaccine,0.0,0.0,0.0,0.0
40,15-19,unvaccinated,0.0,1.0,0.0,0.0
40,15-19,old_vaccine,0.0,0.0,0.0,0.0
40,15-19,new_vaccine,0.0,0.0,0.0,0.0
40,20-24,unvaccinated,0.5,1.5,0.0,0.0
40,20-24,old_vaccine,0.0,0.5,0.0,0.0
40,20-24,new_vaccine,0.0,0.0,0.0,0.0
40,25-29,unvaccinated,0.0,0.0,0.0,0.0
40,25-29,old_vaccine,0.5,0.0,0.0,0.0
40,25-29,new_vaccine,0.0,0.0,0.0,0.0
40,30-34,unvaccinated,0.0,0.0,0.0,0.0
40,30-34,old_vaccine,0.0,0.5,0.0,0.0
40,30-34,new_vaccine,0.0,0.0,0.0,0.0
40,35-39,unvaccinated,0.0,0.5,0.0,0.0
40,35-39,old_vaccine,0.5,0.5,0.0,0.0
40,35-39,new_vaccine,0.0,0.0,0.0,0.0
40,40-44,unvaccinated,0.0,1.0,0.0,0.0
40,40-44,old_vaccine,0.0,0.5,0.0,0.0
40,40-44,new_vaccine,0.0,0.0,0.0,0.0
40,45-49,unvaccinated,0.0,0.0,0.0,0.0
40,45-49,old_vaccine,0.0,0.5,0.0,0.0
40,45-49,new_vaccine,0.0,0.0,0.0,0.0
40,50-54,unvaccinated,0.0,0.0,0.0,0.0
40,50-54,old_vaccine,0.5,0.5,0.0,0.0
40,50-54,new_vaccine,0.0,0.0,0.0,0.0
40,55-59,unvaccinated,0.0,0.5,0.0,0.0
40,55-59,old_vaccine,1.0,0.5,0.0,0.0
40,55-59,new_vaccine,0.0,0.0,0.0,0.0
40,60-64,unvaccinated,0.0,0.0,0.0,0.0
40,60-64,old_vaccine,0.0,1.0,0.0,0.0
40,60-64,new_vaccine,0.0,0.0,0.0,0.0
40,65-69,unvaccinated,0.5,0.5,0.0,0.0
40,65-69,old_vaccine,0.0,0.0,0.0,0.0
40,65-69,new_vaccine,0.0,0.0,0.0,0.0
40,70-74,unvaccinated,0.0,0.0,0.0,0.0
40,70-74,old_vaccine,0.5,0.5,0.0,0.0
40,70-74,new_vaccine,0.0,0.0,0.0,0.0
40,75+,unvaccinated,0.5,0.5,0.0,0.0
40,75+,old_vaccine,1.5,0.5,0.0,0.0
40,75+,new_vaccine,0.0,0.0,0.0,0.0
41,0-4,unvaccinated,0.0,1.5,0.0,0.0
41,0-4,old_vaccine,0.0,1.5,0.0,0.0
41,0-4,new_vaccine,0.0,0.0,0.0,0.0
41,5-9,unvaccinated,0.0,0.0,0.0,0.0
41,5-9,old_vaccine,0.0,1.5,0.0,0.0
41,5-9,new_vaccine,0.0,0.0,0.0,0.0
41,10-14,unvaccinated,0.0,1.0,0.0,0.0
41,10-14,old_vaccine,0.0,1.0,0.0,0.0
41,10-14,new_vaccine,0.0,0.0,0.0,0.0
41,15-19,unvaccinated,0.0,1.0,0.0,0.0
41,15-19,old_vaccine,0.0,0.5,0.0,0.0
41,15-19,new_vaccine,0.0,0.0,0.0,0.0
41,20-24,unvaccinated,0.5,2.0,0.0,0.0
41,20-24,old_vaccine,0.0,1.0,0.0,0.0
41,20-24,new_vaccine,0.0,0.0,0.0,0.0
41,25-29,unvaccinated,0.0,0.0,0.0,0.0
41,25-29,old_vaccine,0.5,1.0,0.0,0.0
41,25-29,new_vaccine,0.0,0.0,0.0,0.0
41,30-34,unvaccinated,0.0,0.5,0.0,0.0
41,30-34,old_vaccine,0.0,1.0,0.0,0.0
41,30-34,new_vaccine,0.0,0.0,0.0,0.0
41,35-39,unvaccinated,0.0,0.5,0.0,0.0
41,35-39,old_vaccine,0.5,0.5,0.0,0.0
41,35-39,new_vaccine,0.0,0.0,0.0,0.0
41,40-44,unvaccinated,0.0,0.5,0.0,0.0
41,40-44,old_vaccine,0.0,1.0,0.0,0.0
41,40-44,new_vaccine,0.0,0.0,0.0,0.0
41,45-49,unvaccinated,0.0,0.0,0.0,0.0
41,45-49,old_vaccine,0.5,1.0,0.0,0.0
41,45-49,new_vaccine,0.0,0.0,0.0,0.0
41,50-54,unvaccinated,0.0,0.0,0.0,0.0
41,50-54,old_vaccine,0.0,1.0,0.0,0.0
41,50-54,new_vaccine,0.0,0.0,0.0,0.0
41,55-59,unvaccinated,0.5,0.5,0.0,0.0
41,55-59,old_vaccine,0.5,0.5,0.0,0.0
41,55-59,new_vaccine,0.0,0.0,0.0,0.0
41,60-64,unvaccinated,0.0,0.0,0.0,0.0
41,60-64,old_vaccine,0.0,1.0,0.0,0.0
41,60-64,new_vaccine,0.0,0.0,0.0,0.0
41,65-69,unvaccinated,1.0,0.5,0.0,0.0
41,65-69,old_vaccine,0.0,0.0,0.0,0.0
41,65-69,new_vaccine,0.0,0.0,0.0,0.0
41,70-74,unvaccinated,0.0,0.0,0.0,0.0
41,70-74,old_vaccine,0.5,0.5,0.0,0.0
41,70-74,new_vaccine,0.0,0.0,0.0,0.0
41,75+,unvaccinated,0.5,0.5,0.0,0.0
41,75+,old_vaccine,2.0,0.5,0.0,0.0
41,75+,new_vaccine,0.0,0.0,0.0,0.0
42,0-4,unvaccinated,0.0,1.0,0.0,0.0
42,0-4,old_vaccine,0.0,1.5,0.0,0.0
42,0-4,new_vaccine,0.0,0.0,0.0,0.0
42,5-9,unvaccinated,0.0,0.5,0.0,0.0
42,5-9,old_vaccine,0.0,1.5,0.0,0.0
42,5-9,new_vaccine,0.0,0.0,0.0,0.0
42,10-14,unvaccinated,0.0,0.5,0.0,0.0
42,10-14,old_vaccine,0.0,1.0,0.0,0.0
42,10-14,new_vaccine,0.0,0.0,0.0,0.0
42,15-19,unvaccinated,0.0,1.0,0.0,0.0
42,15-19,old_vaccine,0.0,0.5,0.0,0.0
42,15-19,new_vaccine,0.0,0.0,0.0,0.0
42,20-24,unvaccinated,0.5,2.0,0.0,0.0
42,20-24,old_vaccine,0.0,2.0,0.0,0.0
42,20-24,new_vaccine,0.0,0.0,0.0,0.0
42,25-29,unvaccinated,0.0,0.5,0.0,0.0
42,25-29,old_vaccine,0.5,0.5,0.0,0.0
42,25-29,new_vaccine,0.0,0.0,0.0,0.0
42,30-34,unvaccinated,0.0,0.5,0.0,0.0
42,30-34,old_vaccine,0.0,2.0,0.0,0.0
42,30-34,new_vaccine,0.0,0.0,0.0,0.0
42,35-39,unvaccinated,0.0,0.5,0.0,0.0
42,35-39,old_vaccine,0.5,1.0,0.0,0.0
42,35-39,new_vaccine,0.0,0.0,0.0,0.0
42,40-44,unvaccinated,0.0,0.5,0.0,0.0
42,40-44,old_vaccine,0.0,1.0,0.0,0.0
42,40-44,new_vaccine,0.0,0.0,0.0,0.0
42,45-49,unvaccinated,0.0,0.0,0.0,0.0
42,45-49,old_vaccine,0.5,1.5,0.0,0.0
42,45-49,new_vaccine,0.0,0.0,0.0,0.0
42,50-54,unvaccinated,0.0,0.0,0.0,0.0
42,50-54,old_vaccine,0.0,1.0,0.0,0.0
42,50-54,new_vaccine,0.0,0.0,0.0,0.0
42,55-59,unvaccinated,0.5,0.5,0.0,0.0
42,55-59,old_vaccine,0.5,1.0,0.0,0.0
42,55-59,new_vaccine,0.0,0.0,0.0,0.0
42,60-64,unvaccinated,0.0,0.0,0.0,0.0
42,60-64,old_vaccine,0.0,1.0,0.0,0.0
42,60-64,new_vaccine,0.0,0.0,0.0,0.0
42,65-69,unvaccinated,1.0,0.5,0.0,0.0
42,65-69,old_vaccine,0.0,0.5,0.0,0.0
42,65-69,new_vaccine,0.0,0.0,0.0,0.0
42,70-74,unvaccinated,0.0,0.0,0.0,0.0
42,70-74,old_vaccine,0.0,0.5,0.0,0.0
42,70-74,new_vaccine,0.0,0.0,0.0,0.0
42,75+,unvaccinated,0.5,0.5,0.0,0.0
42,75+,old_vaccine,2.0,0.5,0.0,0.0
42,75+,new_vaccine,0.0,0.0,0.0,0.0
43,0-4,unvaccinated,0.0,0.5,0.0,0.0
43,0-4,old_vaccine,0.0,1.5,0.0,0.0
43,0-4,new_vaccine,0.0,0.0,0.0,0.0
43,5-9,unvaccinated,0.0,0.5,0.0,0.0
43,5-9,old_vaccine,0.0,1.0,0.0,0.0
43,5-9,new_vaccine,0.0,0.0,0.0,0.0
43,10-14,unvaccinated,0.0,0.0,0.0,0.0
43,10-14,old_vaccine,0.0,1.5,0.0,0.0
43,10-14,new_vaccine,0.0,0.0,0.0,0.0
43,15-19,unvaccinated,0.0,1.0,0.0,0.0
43,15-19,old_vaccine,0.0,1.5,0.0,0.0
43,15-19,new_vaccine,0.0,0.0,0.0,0.0
43,20-24,unvaccinated,0.0,2.0,0.0,0.0
43,20-24,old_vaccine,0.0,1.5,0.0,0.0
43,20-24,new_vaccine,0.0,0.0,0.0,0.0
43,25-29,unvaccinated,0.0,0.0,0.0,0.0
43,25-29,old_vaccine,1.0,0.5,0.0,0.0
43,25-29,new_vaccine,0.0,0.0,0.0,0.0
43,30-34,unvaccinated,0.0,0.0,0.0,0.0
43,30-34,old_vaccine,0.0,2.0,0.0,0.0
43,30-34,new_vaccine,0.0,0.0,0.0,0.0
43,35-39,unvaccinated,0.0,0.0,0.0,0.0
43,35-39,old_vaccine,0.0,1.0,0.0,0.0
43,35-39,new_vaccine,0.0,0.0,0.0,0.0
43,40-44,unvaccinated,0.0,0.0,0.0,0.0
43,40-44,old_vaccine,0.0,0.0,0.0,0.0
43,40-44,new_vaccine,0.0,0.0,0.0,0.0
43,45-49,unvaccinated,0.0,0.0,0.0,0.0
43,45-49,old_vaccine,0.5,1.0,0.0,0.0
43,45-49,new_vaccine,0.0,0.0,0.0,0.0
43,50-54,unvaccinated,0.0,0.0,0.0,0.0
43,50-54,old_vaccine,0.0,1.5,0.0,0.0
43,50-54,new_vaccine,0.0,0.0,0.0,0.0
43,55-59,unvaccinated,1.0,0.5,0.0,0.0
43,55-59,old_vaccine,0.5,0.5,0.0,0.0
43,55-59,new_vaccine,0.0,0.0,0.0,0.0
43,60-64,unvaccinated,0.0,0.5,0.0,0.0
43,60-64,old_vaccine,0.0,0.5,0.0,0.0
43,60-64,new_vaccine,0.0,0.0,0.0,0.0
43,65-69,unvaccinated,1.0,0.0,0.0,0.0
43,65-69,old_vaccine,0.5,0.0,0.0,0.0
43,65-69,new_vaccine,0.0,0.0,0.0,0.0
43,70-74,unvaccinated,0.0,0.0,0.0,0.0
43,70-74,old_vaccine,0.5,0.5,0.0,0.0
43,70-74,new_vaccine,0.0,0.0,0.0,0.0
43,75+,unvaccinated,0.0,0.5,0.0,0.0
43,75+,old_vaccine,2.0,1.0,0.0,0.0
43,75+,new_vaccine,0.0,0.0,0.0,0.0
44,0-4,unvaccinated,0.0,0.5,0.0,0.0
44,0-4,old_vaccine,0.0,1.5,0.0,0.0
44,0-4,new_vaccine,0.0,0.0,0.0,0.0
44,5-9,unvaccinated,0.0,0.5,0.0,0.0
44,5-9,old_vaccine,0.0,1.5,0.0,0.0
44,5-9,new_vaccine,0.0,0.0,0.0,0.0
44,10-14,unvaccinated,0.0,0.5,0.0,0.0
44,10-14,old_vaccine,0.0,1.5,0.0,0.0
44,10-14,new_vaccine,0.0,0.0,0.0,0.0
44,15-19,unvaccinated,0.0,1.0,0.0,0.0
44,15-19,old_vaccine,0.0,1.5,0.0,0.0
44,15-19,new_vaccine,0.0,0.0,0.0,0.0
44,20-24,unvaccinated,0.0,1.0,0.0,0.0
44,20-24,old_vaccine,0.0,2.0,0.0,0.0
44,20-24,new_vaccine,0.0,0.0,0.0,0.0
44,25-29,unvaccinated,0.0,0.5,0.0,0.0
44,25-29,old_vaccine,1.0,1.0,0.0,0.0
44,25-29,new_vaccine,0.0,0.0,0.0,0.0
44,30-34,unvaccinated,0.0,0.0,0.0,0.0
44,30-34,old_vaccine,0.0,2.5,0.0,0.0
44,30-34,new_vaccine,0.0,0.0,0.0,0.0
44,35-39,unvaccinated,0.0,0.5,0.0,0.0
44,35-39,old_vaccine,0.0,1.0,0.0,0.0
44,35-39,new_vaccine,0.0,0.0,0.0,0.0
44,40-44,unvaccinated,0.0,0.0,0.0,0.0
44,40-44,old_vaccine,0.0,0.5,0.0,0.0
44,40-44,new_vaccine,0.0,0.0,0.0,0.0
44,45-49,unvaccinated,0.0,0.0,0.0,0.0
44,45-49,old_vaccine,0.5,0.5,0.0,0.0
44,45-49,new_vaccine,0.0,0.0,0.0,0.0
44,50-54,unvaccinated,0.0,0.0,0.0,0.0
44,50-54,old_vaccine,0.0,2.0,0.0,0.0
44,50-54,new_vaccine,0.0,0.0,0.0,0.0
44,55-59,unvaccinated,1.0,0.5,0.0,0.0
44,55-59,old_vaccine,0.5,0.0,0.0,0.0
44,55-59,new_vaccine,0.0,0.0,0.0,0.0
44,60-64,unvaccinated,0.0,0.5,0.0,0.0
44,60-64,old_vaccine,0.5,1.0,0.0,0.0
44,60-64,new_vaccine,0.0,0.0,0.0,0.0
44,65-69,unvaccinated,1.0,0.0,0.0,0.0
44,65-69,old_vaccine,0.5,0.0,0.0,0.0
44,65-69,new_vaccine,0.0,0.0,0.0,0.0
44,70-74,unvaccinated,0.0,0.0,0.0,0.0
44,70-74,old_vaccine,1.0,0.0,0.0,0.0
44,70-74,new_vaccine,0.0,0.0,0.0,0.0
44,75+,unvaccinated,0.0,0.5,0.0,0.0
44,75+,old_vaccine,2.5,1.0,0.0,0.0
44,75+,new_vaccine,0.0,0.0,0.0,0.0
45,0-4,unvaccinated,0.0,0.0,0.0,0.0
45,0-4,old_vaccine,0.0,1.5,0.0,0.0
45,0-4,new_vaccine,0.0,0.0,0.0,0.0
45,5-9,unvaccinated,0.0,0.5,0.0,0.0
45,5-9,old_vaccine,0.0,1.5,0.0,0.0
45,5-9,new_vaccine,0.0,0.0,0.0,0.0
45,10-14,unvaccinated,0.0,0.0,0.0,0.0
45,10-14,old_vaccine,0.0,2.5,0.0,0.0
45,10-14,new_vaccine,0.0,0.0,0.0,0.0
45,15-19,unvaccinated,0.0,1.0,0.0,0.0
45,15-19,old_vaccine,0.0,2.5,0.0,0.0
45,15-19,new_vaccine,0.0,0.0,0.0,0.0
45,20-24,unvaccinated,0.0,1.0,0.0,0.0
45,20-24,old_vaccine,0.0,2.0,0.0,0.0
45,20-24,new_vaccine,0.0,0.0,0.0,0.0
45,25-29,unvaccinated,0.0,0.5,0.0,0.0
45,25-29,old_vaccine,0.5,1.0,0.0,0.0
45,25-29,new_vaccine,0.0,0.0,0.0,0.0
45,30-34,unvaccinated,0.0,0.5,0.0,0.0
45,30-34,old_vaccine,0.0,3.5,0.0,0.0
45,30-34,new_vaccine,0.0,0.0,0.0,0.0
45,35-39,unvaccinated,0.0,0.5,0.0,0.0
45,35-39,old_vaccine,0.0,0.5,0.0,0.0
45,35-39,new_vaccine,0.0,0.0,0.0,0.0
45,40-44,unvaccinated,0.0,0.0,0.0,0.0
45,40-44,old_vaccine,0.0,1.5,0.0,0.0
45,40-44,new_vaccine,0.0,0.0,0.0,0.0
45,45-49,unvaccinated,0.0,0.0,0.0,0.0
45,45-49,old_vaccine,0.5,1.0,0.0,0.0
45,45-49,new_vaccine,0.0,0.0,0.0,0.0
45,50-54,unvaccinated,0.0,0.0,0.0,0.0
45,50-54,old_vaccine,0.0,2.5,0.0,0.0
45,50-54,new_vaccine,0.0,0.0,0.0,0.0
45,55-59,unvaccinated,1.0,0.5,0.0,0.0
45,55-59,old_vaccine,0.5,0.0,0.0,0.0
45,55-59,new_vaccine,0.0,0.0,0.0,0.0
45,60-64,unvaccinated,0.0,0.5,0.0,0.0
45,60-64,old_vaccine,0.0,1.5,0.0,0.0
45,60-64,new_vaccine,0.0,0.0,0.0,0.0
45,65-69,unvaccinated,1.0,0.0,0.0,0.0
45,65-69,old_vaccine,0.5,0.5,0.0,0.0
45,65-69,new_vaccine,0.0,0.0,0.0,0.0
45,70-74,unvaccinated,0.0,0.0,0.0,0.0
45,70-74,old_vaccine,0.5,0.0,0.0,0.0
45,70-74,new_vaccine,0.0,0.0,0.0,0.0
45,75+,unvaccinated,0.0,0.5,0.0,0.0
45,75+,old_vaccine,2.0,1.5,0.0,0.0
45,75+,new_vaccine,0.0,0.0,0.0,0.0
46,0-4,unvaccinated,0.0,0.5,0.0,0.0
46,0-4,old_vaccine,0.0,1.0,0.0,0.0
46,0-4,new_vaccine,0.0,0.0,0.0,0.0
46,5-9,unvaccinated,0.0,0.5,0.0,0.0
46,5-9,old_vaccine,0.0,1.5,0.0,0.0
46,5-9,new_vaccine,0.0,0.0,0.0,0.0
46,10-14,unvaccinated,0.0,0.0,0.0,0.0
46,10-14,old_vaccine,0.0,2.0,0.0,0.0
46,10-14,new_vaccine,0.0,0.0,0.0,0.0
46,15-19,unvaccinated,0.0,0.5,0.0,0.0
46,15-19,old_vaccine,0.0,2.0,0.0,0.0
46,15-19,new_vaccine,0.0,0.0,0.0,0.0
46,20-24,unvaccinated,0.0,1.0,0.0,0.0
46,20-24,old_vaccine,0.0,2.0,0.0,0.0
46,20-24,new_vaccine,0.0,0.0,0.0,0.0
46,25-29,unvaccinated,0.0,0.5,0.0,0.0
46,25-29,old_vaccine,0.5,1.5,0.0,0.0
46,25-29,new_vaccine,0.0,0.0,0.0,0.0
46,30-34,unvaccinated,0.0,0.5,0.0,0.0
46,30-34,old_vaccine,0.0,3.0,0.0,0.0
46,30-34,new_vaccine,0.0,0.0,0.0,0.0
46,35-39,unvaccinated,0.0,0.5,0.0,0.0
46,35-39,old_vaccine,0.0,0.5,0.0,0.0
46,35-39,new_vaccine,0.0,0.0,0.0,0.0
46,40-44,unvaccinated,0.0,0.0,0.0,0.0
46,40-44,old_vaccine,0.0,1.0,0.0,0.0
46,40-44,new_vaccine,0.0,0.0,0.0,0.0
46,45-49,unvaccinated,0.0,0.0,0.0,0.0
46,45-49,old_vaccine,0.5,1.5,0.0,0.0
46,45-49,new_vaccine,0.0,0.0,0.0,0.0
46,50-54,unvaccinated,0.0,0.0,0.0,0.0
46,50-54,old_vaccine,0.0,3.0,0.0,0.0
46,50-54,new_vaccine,0.0,0.0,0.0,0.0
46,55-59,unvaccinated,1.0,0.5,0.0,0.0
46,55-59,old_vaccine,0.0,1.0,0.0,0.0
46,55-59,new_vaccine,0.0,0.0,0.0,0.0
46,60-64,unvaccinated,0.0,0.5,0.0,0.0
46,60-64,old_vaccine,0.5,1.0,0.0,0.0
46,60-64,new_vaccine,0.0,0.0,0.0,0.0
46,65-69,unvaccinated,0.5,0.0,0.0,0.0
46,65-69,old_vaccine,1.0,0.0,0.0,0.0
46,65-69,new_vaccine,0.0,0.0,0.0,0.0
46,70-74,unvaccinated,0.0,0.0,0.0,0.0
46,70-74,old_vaccine,0.0,0.0,0.0,0.0
46,70-74,new_vaccine,0.0,0.0,0.0,0.0
46,75+,unvaccinated,0.0,0.5,0.0,0.0
46,75+,old_vaccine,0.5,1.0,0.0,0.0
46,75+,new_vaccine,0.0,0.0,0.0,0.0
47,0-4,unvaccinated,0.0,0.5,0.0,0.0
47,0-4,old_vaccine,0.0,1.0,0.0,0.0
47,0-4,new_vaccine,0.0,0.0,0.0,0.0
47,5-9,unvaccinated,0.0,0.5,0.0,0.0
47,5-9,old_vaccine,0.0,1.5,0.0,0.0
47,5-9,new_vaccine,0.0,0.0,0.0,0.0
47,10-14,unvaccinated,0.0,0.5,0.0,0.0
47,10-14,old_vaccine,0.0,2.0,0.0,0.0
47,10-14,new_vaccine,0.0,0.0,0.0,0.0
47,15-19,unvaccinated,0.0,0.5,0.0,0.0
47,15-19,old_vaccine,0.0,1.5,0.0,0.0
47,15-19,new_vaccine,0.0,0.0,0.0,0.0
47,20-24,unvaccinated,0.0,1.0,0.0,0.0
47,20-24,old_vaccine,0.0,1.5,0.0,0.0
47,20-24,new_vaccine,0.0,0.0,0.0,0.0
47,25-29,unvaccinated,0.0,0.5,0.0,0.0
47,25-29,old_vaccine,0.5,1.0,0.0,0.0
47,25-29,new_vaccine,0.0,0.0,0.0,0.0
47,30-34,unvaccinated,0.0,0.0,0.0,0.0
47,30-34,old_vaccine,0.0,2.5,0.0,0.0
47,30-34,new_vaccine,0.0,0.0,0.0,0.0
47,35-39,unvaccinated,0.0,0.5,0.0,0.0
47,35-39,old_vaccine,0.0,1.0,0.0,0.0
47,35-39,new_vaccine,0.0,0.0,0.0,0.0
47,40-44,unvaccinated,0.0,0.0,0.0,0.0
47,40-44,old_vaccine,0.0,0.5,0.0,0.0
47,40-44,new_vaccine,0.0,0.0,0.0,0.0
47,45-49,unvaccinated,0.0,0.0,0.0,0.0
47,45-49,old_vaccine,0.0,1.5,0.0,0.0
47,45-49,new_vaccine,0.0,0.0,0.0,0.0
47,50-54,unvaccinated,0.0,0.0,0.0,0.0
47,50-54,old_vaccine,0.0,2.5,0.0,0.0
47,50-54,new_vaccine,0.0,0.0,0.0,0.0
47,55-59,unvaccinated,1.0,0.0,0.0,0.0
47,55-59,old_vaccine,0.0,1.5,0.0,0.0
47,55-59,new_vaccine,0.0,0.0,0.0,0.0
47,60-64,unvaccinated,0.0,0.0,0.0,0.0
47,60-64,old_vaccine,0.5,0.5,0.0,0.0
47,60-64,new_vaccine,0.0,0.0,0.0,0.0
47,65-69,unvaccinated,0.0,0.0,0.0,0.0
47,65-69,old_vaccine,1.0,0.0,0.0,0.0
47,65-69,new_vaccine,0.0,0.0,0.0,0.0
47,70-74,unvaccinated,0.0,0.0,0.0,0.0
47,70-74,old_vaccine,1.0,0.0,0.0,0.0
47,70-74,new_vaccine,0.0,0.0,0.0,0.0
47,75+,unvaccinated,0.0,0.5,0.0,0.0
47,75+,old_vaccine,0.5,1.0,0.0,0.0
47,75+,new_vaccine,0.0,0.0,0.0,0.0
48,0-4,unvaccinated,0.0,0.5,0.0,0.0
48,0-4,old_vaccine,0.0,1.0,0.0,0.0
48,0-4,new_vaccine,0.0,0.0,0.0,0.0
48,5-9,unvaccinated,0.0,0.5,0.0,0.0
48,5-9,old_vaccine,0.0,1.5,0.0,0.0
48,5-9,new_vaccine,0.0,0.0,0.0,0.0
48,10-14,unvaccinated,0.0,0.5,0.0,0.0
48,10-14,old_vaccine,0.0,2.5,0.0,0.0
48,10-14,new_vaccine,0.0,0.0,0.0,0.0
48,15-19,unvaccinated,0.0,0.0,0.0,0.0
48,15-19,old_vaccine,0.0,1.5,0.0,0.0
48,15-19,new_vaccine,0.0,0.0,0.0,0.0
48,20-24,unvaccinated,0.0,0.5,0.0,0.0
48,20-24,old_vaccine,0.0,1.0,0.0,0.0
48,20-24,new_vaccine,0.0,0.0,0.0,0.0
48,25-29,unvaccinated,0.0,0.5,0.0,0.0
48,25-29,old_vaccine,0.5,1.5,0.0,0.0
48,25-29,new_vaccine,0.0,0.0,0.0,0.0
48,30-34,unvaccinated,0.0,0.0,0.0,0.0
48,30-34,old_vaccine,0.0,1.5,0.0,0.0
48,30-34,new_vaccine,0.0,0.0,0.0,0.0
48,35-39,unvaccinated,0.0,0.0,0.0,0.0
48,35-39,old_vaccine,0.0,1.0,0.0,0.0
48,35-39,new_vaccine,0.0,0.0,0.0,0.0
48,40-44,unvaccinated,0.0,0.0,0.0,0.0
48,40-44,old_vaccine,0.0,1.0,0.0,0.0
48,40-44,new_vaccine,0.0,0.0,0.0,0.0
48,45-49,unvaccinated,0.0,0.0,0.0,0.0
48,45-49,old_vaccine,0.0,2.5,0.0,0.0
48,45-49,new_vaccine,0.0,0.0,0.0,0.0
48,50-54,unvaccinated,0.0,0.0,0.0,0.0
48,50-54,old_vaccine,0.5,2.0,0.0,0.0
48,50-54,new_vaccine,0.0,0.0,0.0,0.0
48,55-59,unvaccinated,0.5,0.0,0.0,0.0
48,55-59,old_vaccine,0.0,1.5,0.0,0.0
48,55-59,new_vaccine,0.0,0.0,0.0,0.0
48,60-64,unvaccinated,0.0,0.0,0.0,0.0
48,60-64,old_vaccine,0.5,0.5,0.0,0.0
48,60-64,new_vaccine,0.0,0.0,0.0,0.0
48,65-69,unvaccinated,0.0,0.0,0.0,0.0
48,65-69,old_vaccine,1.0,0.5,0.0,0.0
48,65-69,new_vaccine,0.0,0.0,0.0,0.0
48,70-74,unvaccinated,0.0,0.0,0.0,0.0
48,70-74,old_vaccine,0.0,0.5,0.0,0.0
48,70-74,new_vaccine,0.0,0.0,0.0,0.0
48,75+,unvaccinated,0.0,0.5,0.0,0.0
48,75+,old_vaccine,0.5,0.5,0.0,0.0
48,75+,new_vaccine,0.0,0.0,0.0,0.0
49,0-4,unvaccinated,0.0,0.5,0.0,0.0
49,0-4,old_vaccine,0.0,0.5,0.0,0.0
49,0-4,new_vaccine,0.0,0.0,0.0,0.0
49,5-9,unvaccinated,0.0,0.0,0.0,0.0
49,5-9,old_vaccine,0.0,1.5,0.0,0.0
49,5-9,new_vaccine,0.0,0.0,0.0,0.0
49,10-14,unvaccinated,0.0,0.5,0.0,0.0
49,10-14,old_vaccine,0.0,1.0,0.0,0.0
49,10-14,new_vaccine,0.0,0.0,0.0,0.0
49,15-19,unvaccinated,0.0,0.0,0.0,0.0
49,15-19,old_vaccine,0.0,1.5,0.0,0.0
49,15-19,new_vaccine,0.0,0.0,0.0,0.0
49,20-24,unvaccinated,0.0,0.5,0.0,0.0
49,20-24,old_vaccine,0.0,0.5,0.0,0.0
49,20-24,new_vaccine,0.0,0.0,0.0,0.0
49,25-29,unvaccinated,0.0,0.5,0.0,0.0
49,25-29,old_vaccine,0.5,1.5,0.0,0.0
49,25-29,new_vaccine,0.0,0.0,0.0,0.0
49,30-34,unvaccinated,0.0,0.0,0.0,0.0
49,30-34,old_vaccine,0.0,2.0,0.0,0.0
49,30-34,new_vaccine,0.0,0.0,0.0,0.0
49,35-39,unvaccinated,0.0,0.0,0.0,0.0
49,35-39,old_vaccine,0.0,1.0,0.0,0.0
49,35-39,new_vaccine,0.0,0.0,0.0,0.0
49,40-44,unvaccinated,0.5,0.0,0.0,0.0
49,40-44,old_vaccine,0.0,1.5,0.0,0.0
49,40-44,new_vaccine,0.0,0.0,0.0,0.0
49,45-49,unvaccinated,0.0,0.5,0.0,0.0
49,45-49,old_vaccine,0.0,0.5,0.0,0.0
49,45-49,new_vaccine,0.0,0.0,0.0,0.0
49,50-54,unvaccinated,0.0,0.0,0.0,0.0
49,50-54,old_vaccine,0.5,2.5,0.0,0.0
49,50-54,new_vaccine,0.0,0.0,0.0,0.0
49,55-59,unvaccinated,0.5,0.0,0.0,0.0
49,55-59,old_vaccine,0.0,1.0,0.0,0.0
49,55-59,new_vaccine,0.0,0.0,0.0,0.0
49,60-64,unvaccinated,0.0,0.0,0.0,0.0
49,60-64,old_vaccine,0.5,1.0,0.0,0.0
49,60-64,new_vaccine,0.0,0.0,0.0,0.0
49,65-69,unvaccinated,0.0,0.0,0.0,0.0
49,65-69,old_vaccine,1.0,0.5,0.0,0.0
49,65-69,new_vaccine,0.0,0.0,0.0,0.0
49,70-74,unvaccinated,0.0,0.0,0.0,0.0
49,70-74,old_vaccine,0.0,0.5,0.0,0.0
49,70-74,new_vaccine,0.0,0.0,0.0,0.0
49,75+,unvaccinated,0.0,0.5,0.0,0.0
49,75+,old_vaccine,0.0,0.5,0.0,0.0
49,75+,new_vaccine,0.0,0.0,0.0,0.0
